ontology_filename,search_query,source,paper_id,title,authors,year,venue,citation_count,abstract,doi,url,is_open_access,fields_of_study,relevance_score,match_type
aec3po.ttl,"""AEC3PO"" ontology",openalex,https://openalex.org/W4393955287,Aec3po: A Knowledge Model for Machine Executable Construction Regulations,"Amna Dridi, Panagiotis Patlakas, Maxime Lefrançois, Thomas Beach, Hradil Petr, Edlira Vakaj",2024,SSRN Electronic Journal,0,,10.2139/ssrn.4784123,https://openalex.org/W4393955287,True,"publication_type:preprint, Executable, Computer science, Software engineering, Programming language, Business",0.08,exact_ontology
aic.ttl,"""AiC"" ontology",openalex,https://openalex.org/W4387221531,Aic: an industrial knowledge graph with Abstraction-Instance-Capability reasoning abilities for personalized customization,"Kai Zhang, Zhiying Tu, Dianhui Chu, Xiaoping Lu, Lucheng Chen",2023,Journal of Intelligent Manufacturing,14,,10.1007/s10845-023-02216-y,https://openalex.org/W4387221531,False,"publication_type:article, Mass customization, Computer science, Personalization, Ontology, Software engineering",0.1022,exact_ontology
bcao.ttl,"""Building Circularity Assessment Ontology"" ontology",openalex,https://openalex.org/W3199920919,An Open Data Platform for Early-Stage Building Circularity Assessment,"Lina Morkūnaitė, Fayez Al Naber, Ekaterina Petrova, Kjeld Svidt",2021,VBN Forskningsportal (Aalborg Universitet),1,"The construction industry is a signiϐicant source of pollution and consumer of natural resources. As the damage to the environment is rapidly growing, the criticism towards the linear economy model is increasing. Circular Economy is perceived as an environmentally friendly alternative. However, Circular Economy implementation in the industry is still in its infancy. Researchers agree that the early design phase plays a signiϐicant role in building circularity, but early-stage circularity assessment is not a common practice. Therefore, this paper investigates the technical needs for early circularity assessment and proposes a novel assessment framework relying on Semantic Web and Linked Building Data technologies. A new Building Circularity Assessment Ontology ȋBCAOȌ is proposed to structure the scattered heterogenous manufacturer product data needed for the assessment. The ontology and the application framework are evaluated in a use case that reveals the potential in guiding the design decisions to more circular alternatives.",,https://openalex.org/W3199920919,True,"publication_type:article, Stage (stratigraphy), Computer science, Geology, Paleontology",0.2823,exact_ontology
bem-reno.ttl,"""BEM-Reno Ontology"" ontology",openalex,https://openalex.org/W3104325257,BIM-SPEED D2.2 BIM Family ontologies,"Jerson Alexis Pinzon Amorocho, T. Hartmann",2020,DepositOnce,0,"This research includes three ontological models covering different knowledge from the renovation projects field. The three ontologies comprise: the Reno-Inst Ontology: An ontology for installation of components in building renovation projects, LCA-C Ontology: An ontology for LCA/LCC assessments in renovation projects, and BEM-Reno Ontology: An ontology for BEM development in renovation projects. The ontologies aim at mapping a complete and minimal set of information required to support diverse tasks involved in specific renovation workflows related to planning activities, LCA/C assessments, and the development of building energy models for renovation. These ontological models can support the development of a shared understanding of the domains they represent and the development of future tools to automate and facilitate the collection, retrieval and inference of information, enhancing the performance of multiple building renovation activities.",10.14279/depositonce-10630.2,https://openalex.org/W3104325257,True,"publication_type:article, Computer science",0.2129,exact_ontology
bop.ttl,"""Building Performance Ontology"" ontology",openalex,https://openalex.org/W4409564048,Ontology for holistic building performance modeling and analysis,"Duygu Utkucu, Rafael Sacks",2025,Automation in Construction,6,"Building performance modeling and analysis using Building Information Modeling (BIM) platforms remains fragmented, requiring various software applications to address different disciplines. Challenges in data extraction, transfer, and integration arise due to inconsistencies in vendor-specific data schemas and limited interoperability. Moreover, OpenBIM data schemas lack comprehensive object definitions and semantics, compromising data integrity. While ontological frameworks have been proposed to address these issues, a unified ontology that integrates multiple performance disciplines has yet to be developed. This paper designed and developed a holistic building performance ontology (HBPO) focusing on acoustic, lighting, and energy domains as subsets to represent a range of sufficiently different domains. This ontology comprises 28 classes, 26 object properties, and 183 data properties, encapsulating essential information, data requirements, and object relationships within and across these domains. Additionally, a series of proof-of-concept experiments were conducted to test, demonstrate, validate, and evaluate the feasibility and applicability of the HBPO.",10.1016/j.autcon.2025.106197,https://openalex.org/W4409564048,True,"publication_type:article, Ontology, Computer science, Software engineering, Systems engineering, Knowledge management",0.3587,exact_ontology
bop.ttl,"""Building Performance Ontology"" ontology",openalex,https://openalex.org/W4297147174,Semantic Web Technologies for Indoor Environmental Quality: A Review and Ontology Design,"Alex Donkers, Dujuan Yang, Bauke de Vries, Nico Baken",2022,Buildings,43,"Indoor environmental quality (IEQ) affects occupants’ satisfaction, health, productivity, comfort, and well-being. IoT developments enable better monitoring of IEQ parameters; however, integrating the various types of heterogeneous data from both the IoT and BIM domains is cumbersome and capital intensive, and therefore, limits the potential of smart buildings. Semantic web technologies can reduce heterogeneity issues, which is necessary to facilitate complex IEQ models. An ontology integrating data related to a building’s topology and its static and dynamic properties is still lacking. The outline of this research is twofold. First, a systematic literature review was conducted to find state-of-the-art semantic web technologies related to building topology, static properties, and dynamic properties from the IoT and BIM domains. By graphically reviewing various ontologies, their valuable patterns, commonalities, and best practices were revealed. Secondly, those results were used to develop a new ontology that integrates topological building information with static and dynamic properties. This Building Performance Ontology (BOP) provides a generic upper-level description of properties and two lower-level ontologies representing observations and actuation. The ontology results in intuitive queries and is both horizontally and vertically extensible. Multiple levels of detail are introduced to ensure practical applicability and efficient patterns based on the data modeler’s needs. BOP opens up a new range of research opportunities in the IEQ domain.",10.3390/buildings12101522,https://openalex.org/W4297147174,True,"publication_type:review, Ontology, Computer science, Semantic Web, Building information modeling, Ontology-based data integration",0.2351,exact_ontology
bot.ttl,"""The Building Topology Ontology (BOT)"" ontology",openalex,https://openalex.org/W2768407592,Recent changes in the Building Topology Ontology,"Mads Holten Rasmussen, Pieter Pauwels, Maxime Lefrançois, Georg Ferdinand Schneider, Christian Anker Hviid, Jan Karlshøj",2017,Ghent University Academic Bibliography (Ghent University),21,"The Building Topology Ontology (BOT) was in early 2017 suggested to the W3C community group for Linked Building Data as a simple ontology covering the core concepts of a building. Since it was first announced it has been extended to cover a building site, elements hosted by other elements, zones as a super-class of spaces, storeys, buildings and sites, interfaces between adjacent zones/elements, a transitive property to infer implicit relationships between building zone siblings among other refinements. In this paper, we describe in detail the changes and the reasons for implementing them.",10.13140/rg.2.2.32365.28647,https://openalex.org/W2768407592,True,"publication_type:article, Ontology, Topology (electrical circuits), Computer science, Mathematics, Combinatorics",0.4227,exact_ontology
bot.ttl,"""The Building Topology Ontology (BOT)"" ontology",openalex,https://openalex.org/W3089558719,BOT: The building topology ontology of the W3C linked building data group,"Mads Holten Rasmussen, Maxime Lefrançois, Georg Ferdinand Schneider, Pieter Pauwels",2020,Semantic Web,232,"Actors in the Architecture, Engineering, Construction, Owner and Operation (AECOO) industry traditionally exchange building models as files. The Building Information Modelling (BIM) methodology advocates the seamless exchange of all information between related stakeholders using digital technologies. The ultimate evolution of the methodology, BIM Maturity Level 3, envisions interoperable, distributed, web-based, interdisciplinary information exchange among stakeholders across the life-cycle of buildings. The World Wide Web Consortium Linked Building Data Community Group (W3C LBD-CG) hypothesises that the Linked Data models and best practices can be leveraged to achieve this vision in modern web-based applications. In this paper, we introduce the Building Topology Ontology (BOT) as a core vocabulary to this approach. It provides a high-level description of the topology of buildings including storeys and spaces, the building elements they contain, and their web-friendly 3D models. We describe how existing applications produce and consume datasets combining BOT with other ontologies that describe product catalogues, sensor observations, or Internet of Things (IoT) devices effectively implementing BIM Maturity Level 3. We evaluate our approach by exporting and querying three real-life large building models.",10.3233/sw-200385,https://openalex.org/W3089558719,True,"publication_type:article, Interoperability, Building information modeling, Computer science, Linked data, Ontology",0.4123,exact_ontology
bot.ttl,"""BOT"" ontology",openalex,https://openalex.org/W2889161681,"The modular SSN ontology: A joint W3C and OGC standard specifying the semantics of sensors, observations, sampling, and actuation","Armin Haller, Krzysztof Janowicz, Simón Cox, Maxime Lefrançois, Kerry Taylor, Danh Le-Phuoc, Joshua Lieberman, Raúl García‐Castro, Rob Atkinson, Claus Stadler",2018,Semantic Web,253,"The joint W3C (World Wide Web Consortium) and OGC (Open Geospatial Consortium) Spatial Data on the Web (SDW) Working Group developed a set of ontologies to describe sensors, actuators, samplers as well as their observations, actuation, and sampling activities. The ontologies have been published bot h as a W3C recommendation and as an OGC implementation standard. The set includes a lightweight core module called SOSA (Sensor, Observation, Sampler, and Actuator) available at: http://www.w3.org/ns/sosa/, and a more expressive extension module called SSN (Semantic Sensor Network) available at: http://www.w3.org/ns/ssn/. Together they describe systems of sensors and actuators, observations, the used procedures, the subjects and their properties being observed or acted upon, samples and the process of sampling, and so forth. The set of ontologies adopts a modular architecture with SOSA as a self-contained core that is extended by SSN and other modules to add expressivity and breadth. The SOSA/SSN ontologies are able to support a wide range of applications and use cases, including satellite imagery, large-scale scientific monitoring, industrial and household infrastructures, social sensing, citizen science, observation-driven ontology engineering, and the Internet of Things. In this paper we give an overview of the ontologies and discuss the rationale behind key design decisions, reporting on the differences between the new SSN ontology presented here and its predecessor [Web Semantics: Science, Services and Agents on the World Wide Web 17 (2012), 25–32] developed by the W3C Semantic Sensor Network Incubator group (the SSN-XG). We present usage examples and describe alignment modules that foster interoperability with other ontologies.",10.3233/sw-180320,https://openalex.org/W2889161681,True,"publication_type:article, Computer science, Ontology, World Wide Web, Semantic Web, Sensor web",0.2456,exact_ontology
bpo.ttl,"""Building Product Ontology"" ontology",openalex,https://openalex.org/W2980609532,BPO: The Building Product Ontology for Assembled Products,"Anna Wagner, Uwe Rüppel",2019,TUbilio (Technical University of Darmstadt),25,"With the current trend of using Linked Data to describe buildings during their entire lifecycles, the importance of product descriptions in a Semantic Web context is growing while most product ontologies are designed for mass-produced goods of little variance. But especially in the construction industry, products are often innovative and individually manufactured and previous attempts to depict them with ontologies failed to include meaningful alignments to already existing approaches. Thus, this paper gives an overview of existing product ontologies in general and analyses previous approaches in more detail to identify potential improvements that can be made. Based on this analysis, this paper presents the Building Product Ontology (BPO), including its concepts and alignments. To obtain a modular ontology, the BPO focuses on the non-geometric description without defining templates by determination of taxonomies and includes concepts to model assembly structures, interconnections of components, and complex properties and property values. The BPO enables manufacturers to freely model their products while still benefitting from the Semantic Web in respects of findability and availability of product data. By going through the given examples and demonstrations, inexperienced users are supported to apply the BPO and exploit its benefits.",,https://openalex.org/W2980609532,False,"publication_type:article, Ontology, Computer science, Product (mathematics), Context (archaeology), Semantic Web",0.3571,reuse_application
bpo.ttl,"""Building Product Ontology"" ontology",openalex,https://openalex.org/W3209941307,Building product ontology: Core ontology for Linked Building Product Data,"Anna Wagner, Wendelin Sprenger, Christoph Mäurer, Tilmann E. Kuhn, Uwe Rüppel",2021,Automation in Construction,41,,10.1016/j.autcon.2021.103927,https://openalex.org/W3209941307,False,"publication_type:article, Computer science, Ontology, Schema (genetic algorithms), Product (mathematics), Ontology-based data integration",0.2914,ontology_family
brick.ttl,"""Brick"" ontology",openalex,https://openalex.org/W2547405038,Brick,"Bharathan Balaji, Arka Bhattacharya, Gabriel Fierro, Jingkun Gao, Joshua Gluck, Dezhi Hong, Aslak Johansen, Jason Koh, Joern Ploennigs, Yuvraj Agarwal, Mario Bergés, David Culler, Rajesh K. Gupta, Mikkel Baun Kjærgaard, Mani Srivastava, Kamin Whitehouse",2016,,236,"Commercial buildings have long since been a primary target for applications from a number of areas: from cyber-physical systems to building energy use to improved human interactions in built environments. While technological advances have been made in these areas, such solutions rarely experience widespread adoption due to the lack of a common descriptive schema which would reduce the now-prohibitive cost of porting these applications and systems to different buildings. Recent attempts have sought to address this issue through data standards and metadata schemes, but fail to capture the set of relationships and entities required by real applications. Building upon these works, this paper describes Brick, a uniform schema for representing metadata in buildings. Our schema defines a concrete ontology for sensors, subsystems and relationships among them, which enables portable applications. We demonstrate the completeness and effectiveness of Brick by using it to represent the entire vendor-specific sensor metadata of six diverse buildings across different campuses, comprising 17,700 data points, and running eight complex unmodified applications on these buildings.",10.1145/2993422.2993577,https://openalex.org/W2547405038,True,"publication_type:article, Metadata, Computer science, Porting, Building automation, Schema (genetic algorithms)",0.4052,exact_ontology
brick.ttl,"""Brick"" using",openalex,https://openalex.org/W2145482971,In-plane seismic response of brick masonry walls,"Guido Magenes, Gian Michele Calvi",1997,Earthquake Engineering & Structural Dynamics,685,"The paper addresses the problems of evaluation of strength, deformability, and energy dissipation capacity of unreinforced brick masonry walls, within the context of seismic assessment of existing buildings. Possible approaches to simplified strength evaluation are discussed on the basis of experimental and numerical data, and formulae for assessment are presented. The role of the shear ratio in the shear failure mechanisms is put in evidence and shear strength formulae are proposed accordingly. The most significative parameters regarding deformability under cyclic loading are highlighted and energy dissipation due to hysteretic behaviour is quantified for possible use in dynamic models. Experimental results show how ultimate drift seems to be a parameter with high regularity for walls failing in shear. Based on such result, a possible approach for seismic assessment is outlined. © 1997 John Wiley & Sons, Ltd.",10.1002/(sici)1096-9845(199711)26:11<1091::aid-eqe693>3.0.co;2-6,https://openalex.org/W2145482971,False,"publication_type:article, Dissipation, Masonry, Structural engineering, Unreinforced masonry building, Shear wall",0.2479,exact_ontology
brick.ttl,"""Brick"" ontology",openalex,https://openalex.org/W2788308593,Brick : Metadata schema for portable smart building applications,"Bharathan Balaji, Arka Bhattacharya, Gabriel Fierro, Jingkun Gao, Joshua Gluck, Dezhi Hong, Aslak Johansen, Jason Koh, Joern Ploennigs, Yuvraj Agarwal, Mario Bergés, David Culler, Rajesh K. Gupta, Mikkel Baun Kjærgaard, Mani Srivastava, Kamin Whitehouse",2018,Applied Energy,268,,10.1016/j.apenergy.2018.02.091,https://openalex.org/W2788308593,True,"publication_type:article, Metadata, Schema (genetic algorithms), Brick, Computer science, Architectural engineering",0.2444,exact_ontology
brick.ttl,"""Brick"" using",openalex,https://openalex.org/W2025258152,Experimental study of using PCM in brick constructive solutions for passive cooling,"Albert Castell, Ingrid Martorell, Marc Medrano, Gabriel Pérez, Luisa F. Cabeza",2009,Energy and Buildings,538,,10.1016/j.enbuild.2009.10.022,https://openalex.org/W2025258152,False,"publication_type:article, Phase-change material, Brick, Energy consumption, Work (physics), Environmental science",0.1908,exact_ontology
brick.ttl,"""Brick"" using",openalex,https://openalex.org/W2018746685,The use of coarse and fine crushed bricks as aggregate in concrete,"Farid Debieb, Saïd Kenai",2007,Construction and Building Materials,594,,10.1016/j.conbuildmat.2006.12.013,https://openalex.org/W2018746685,False,"publication_type:article, Aggregate (composite), Rubble, Brick, Absorption of water, Shrinkage",0.16,exact_ontology
brick.ttl,"""Brick"" using",openalex,https://openalex.org/W2095125754,Use of recycled aggregates in molded concrete bricks and blocks,"Chi Sun Poon, Shi-Cong Kou, L. Lam",2002,Construction and Building Materials,438,,10.1016/s0950-0618(02)00019-3,https://openalex.org/W2095125754,False,"publication_type:article, Compressive strength, Materials science, Brick, Demolition waste, Fly ash",0.16,exact_ontology
brick.ttl,"""Brick"" using",openalex,https://openalex.org/W2150347342,Production of bricks from waste materials – A review,Lianyang Zhang,2013,Construction and Building Materials,759,,10.1016/j.conbuildmat.2013.05.043,https://openalex.org/W2150347342,False,"publication_type:review, Waste management, Carbon footprint, Portland cement, Co-processing, Brick",0.12,exact_ontology
brick.ttl,"""Brick"" using",openalex,https://openalex.org/W1976795124,Stress-Strain Characteristics of Clay Brick Masonry under Uniaxial Compression,"Hemant B. Kaushik, Durgesh C. Rai, Sudhir K. Jain",2007,Journal of Materials in Civil Engineering,791,"The uniaxial monotonic compressive stress-strain behavior and other characteristics of unreinforced masonry and its constituents, i.e., solid clay bricks and mortar, have been studied by several laboratory tests. Based on the results and observations of the comprehensive experimental study, nonlinear stress-strain curves have been obtained for bricks, mortar, and masonry and six “control points” have been identified on the stress-strain curves of masonry, which can also be used to define the performance limit states of the masonry material or member. Using linear regression analysis, a simple analytical model has been proposed for obtaining the stress-strain curves for masonry that can be used in the analysis and design procedures. The model requires only the compressive strengths of bricks and mortar as input data, which can be easily obtained experimentally and also are generally available in codes. Simple relationships have been identified for obtaining the modulus of elasticity of bricks, mortar, and masonry from their corresponding compressive strengths. It was observed that for the strong and stiff bricks and mortar of lesser but comparable strength and stiffness, the stress-strain curves of masonry do not necessarily fall in between those of bricks and mortar.",10.1061/(asce)0899-1561(2007)19:9(728),https://openalex.org/W1976795124,False,"publication_type:article, Masonry, Mortar, Compressive strength, Materials science, Geotechnical engineering",0.1164,exact_ontology
brot.ttl,"""Bridge Topology Ontology"" ontology",openalex,https://openalex.org/W4403196159,Formalisation of Knowledge About Non-Destructive Testing Methods For Bridge Structures Based on The Development of The Sodia Ontology,"Jan-Iwo Jäkel, Eva Heinlein, Katharina Klemt‐Albert",2024,,2,"The increasing load on bridge structures is leading to more and more damage. In order to ensure a long service life, the operator of the structure needs to consider the identification of the causes and further effects of the damage as a high priority. For this purpose, it is necessary to carry out diagnostic procedures on the structure. The domain of structural diagnostics is characterised by complex processes, their manifold dependencies and non-formalised knowledge. As a result, the processes of diagnostics are complex, resource-intensive and not interoperable. For this reason, this article presents an ontology (SODIA ontology) dedicated to the field of non-destructive testing of bridge structures. The developed ontology will further standardise the domain, structure existing dependencies and create interoperability. This will contribute to the further digitalisation of the maintenance management of engineering structures. As a result, necessary future measures will be initiated proactively and the service life of the structures increased.",10.3311/ccc2024-119,https://openalex.org/W4403196159,True,"publication_type:article, Ontology, Bridge (graph theory), Computer science, Development (topology), Software engineering",0.2113,exact_ontology
building.ttl,"""Building Ontology"" ontology",openalex,https://openalex.org/W1965465660,Building a chemical ontology using Methontology and the Ontology Design Environment,"Máximo López, Asuncíon Gómez-Pérez, J.P. Sierra, A.P. Sierra",1999,IEEE Intelligent Systems and their Applications,588,"Methontology provides guidelines for specifying ontologies at the knowledge level, as a specification of a conceptualization. ODE enables ontology construction, covering the entire life cycle and automatically implementing ontologies. To meet the challenge of building ontologies, we have developed Methontology, a framework for specifying ontologies at the knowledge level, and the Ontology Development Environment. We present our experience in using Methontology and ODE to build the chemical ontology.",10.1109/5254.747904,https://openalex.org/W1965465660,True,"publication_type:article, Ontology, Computer science, Process ontology, Ontology-based data integration, Conceptualization",0.254,exact_ontology
building.ttl,"""Building Ontology"" BE Product (Building) ontology",openalex,https://openalex.org/W1500153244,Building Ontologies at the Knowledge Level using the Ontology Design Environment,"Juan José Blázquez Resino, Miriam Fernández, Jm. García-Pinar, Asuncíon Gómez-Pérez",1998,UPM Digital Archive (Technical University of Madrid),108,"This paper discusses how ontologies can be specified at the knowledge level using the set of intermediate representations (Gómez-Pérez, Fernández &amp; de Vicente 1996) proposed by METHONTOLOGY (Fernández, Gómez-Pérez &amp; Juristo 1997; and Gómez-Pérez 1998). These intermediate representations bridge the gap between how people think about a domain and the languages in which ontologies are formalized. Thus, METHONTOLOGY enables experts and ontology makers unfamiliar with implementation environments to build ontologies from scratch. In this paper, we also present the ODE (Ontology Design Environment) as a software tool to specify ontologies at the knowledge level. ODE allows developers to specify their ontology by filling in tables and drawing graphs. Its multilingual generator module automatically translates the specification of the ontology into target languages.",,https://openalex.org/W1500153244,True,"publication_type:article, Ontology, Computer science, Process ontology, Upper ontology, Ontology components",0.2435,exact_ontology
building.ttl,"""Building Ontology"" ontology",openalex,https://openalex.org/W2007900820,Overview and analysis of methodologies for building ontologies,"Mariano Fernández‐López, Asuncíon Gómez-Pérez",2002,The Knowledge Engineering Review,294,"The use of methodologies in software and knowledge engineering is very extensive due to their important advantages. In the case of the development of ontologies, until now, several methodological proposals have been presented for building ontologies. Some of these methodologies are designed for building ontologies from scratch or reusing other ontologies without modifying them, concretely, the following cases can be mentioned: the Cyc methodology, the approach proposed by Uschold and King, Grüninger and Fox's methodology, the KACTUS methodology, METHONTOLOGY and the SENSUS methodology. There is even a proposal for re-engineering ontologies, and several proposals for collaborative construction of ontologies. In this article, we describe the methodologies and check their degree of maturity, contrasting them with respect to the IEEE standard for software development. Before this, we justify to what extent this standard can be used. A conclusion to this study is that there is no completely mature methodological proposal for building ontologies, since there are some important activities and techniques that are missing in all these methodologies. However, all the methodologies do not have the same degree of maturity. In fact, METHONTOLOGY is a very mature methodology. The other conclusion of this article is that, although work to unify proposals can be interesting, maybe several approaches should coexist.",10.1017/s0269888902000462,https://openalex.org/W2007900820,True,"publication_type:article, IDEF5, Computer science, Ontology, Reuse, Software engineering",0.2072,exact_ontology
building.ttl,"""Building Ontology"" BE Product (Building) ontology",openalex,https://openalex.org/W2146273255,Some Issues on Ontology Integration,"H. Sofia Pinto, Asuncíon Gómez-Pérez, João P. Martins",1999,UPM Digital Archive (Technical University of Madrid),242,"The word integration has been used with different meanings in the ontology field. This article aims at clarifying the meaning of the word &amp;quot;integration&amp;quot; and presenting some of the relevant work done in integration. We identify three meanings of ontology &amp;quot;integration&amp;quot;: when building a new ontology reusing (by assembling, extending, specializing or adapting) other ontologies already available; when building an ontology by merging several ontologies into a single one that unifies all of them; when building an application using one or more ontologies. We discuss the different meanings of &amp;quot;integration&amp;quot;, identify the main characteristics of the three different processes and propose three words to distinguish among those meanings: integration, merge and use.",,https://openalex.org/W2146273255,False,"publication_type:article, Ontology-based data integration, Merge (version control), Ontology, Computer science, Process ontology",0.1952,exact_ontology
building.ttl,"""Building Ontology"" ontology",openalex,https://openalex.org/W1582734619,Overview of methodologies for building ontologies,Mariano Fernández‐López,1999,UPM Digital Archive (Technical University of Madrid),354,"A few research groups are now proposing a series of steps and methodologies for developing ontologies. However, mainly due to the fact that Ontological Engineering is still a relatively immature discipline, each work group employs its own methodology. Our goal is to present the most representative methodologies used in ontology development and to perform an analysis of such methodologies against the same framework of reference. So, the goal of this paper is not to provide new insights about methodologies, but to put it all in one place and help people to select which methodology to use.",,https://openalex.org/W1582734619,True,"publication_type:article, Computer science, Ontology, IDEF5, Ontology engineering, Data science",0.1813,exact_ontology
building.ttl,"""Building Ontology"" BE Product (Building) ontology",openalex,https://openalex.org/W2044894764,(KA)2: building ontologies for the Internet: a mid-term report,"V. Richard Benjamins, Dieter Fensel, Stefan Decker, Asuncíon Gómez-Pérez",1999,International Journal of Human-Computer Studies,103,,10.1006/ijhc.1999.0275,https://openalex.org/W2044894764,True,"publication_type:article, Intranet, Knowledge management, Ontology, Asset (computer security), The Internet",0.1533,exact_ontology
building.ttl,"""Building Ontology"" ontology",openalex,https://openalex.org/W2074944495,"Methodologies, tools and languages for building ontologies. Where is their meeting point?","Óscar Corcho, Mariano Fernández‐López, Asuncíon Gómez-Pérez",2003,Data & Knowledge Engineering,705,,10.1016/s0169-023x(02)00195-7,https://openalex.org/W2074944495,True,"publication_type:article, Ontology, Computer science, Workbench, Process ontology, Ontology language",0.1508,exact_ontology
ci.ttl,DOI:10.35490/EC3.2025.263,doi_lookup,10.35490/ec3.2025.263,"Semantic Integration of Cost, Time and Geometry for a Resource-centred Perspective of Managing Construction Projects","Jacopo Cassandro Jacopo Cassandro, Philipp Hagedorn Philipp Hagedorn, Katharina Sigalov Katharina Sigalov, Chiara Gatto Chiara Gatto, Claudio Mirarchi Claudio Mirarchi, Alberto Pavan Alberto Pavan, Markus König Markus König",2025,Computing in Construction,1,,10.35490/ec3.2025.263,https://doi.org/10.35490/ec3.2025.263,False,publication_type:proceedings-article,0.2011,exact_ontology
cr.ttl,DOI:10.35490/EC3.2025.263,doi_lookup,10.35490/ec3.2025.263,"Semantic Integration of Cost, Time and Geometry for a Resource-centred Perspective of Managing Construction Projects","Jacopo Cassandro Jacopo Cassandro, Philipp Hagedorn Philipp Hagedorn, Katharina Sigalov Katharina Sigalov, Chiara Gatto Chiara Gatto, Claudio Mirarchi Claudio Mirarchi, Alberto Pavan Alberto Pavan, Markus König Markus König",2025,Computing in Construction,1,,10.35490/ec3.2025.263,https://doi.org/10.35490/ec3.2025.263,False,publication_type:proceedings-article,0.2011,exact_ontology
cterm.ttl,DOI:10.35490/EC3.2025.263,doi_lookup,10.35490/ec3.2025.263,"Semantic Integration of Cost, Time and Geometry for a Resource-centred Perspective of Managing Construction Projects","Jacopo Cassandro Jacopo Cassandro, Philipp Hagedorn Philipp Hagedorn, Katharina Sigalov Katharina Sigalov, Chiara Gatto Chiara Gatto, Claudio Mirarchi Claudio Mirarchi, Alberto Pavan Alberto Pavan, Markus König Markus König",2025,Computing in Construction,1,,10.35490/ec3.2025.263,https://doi.org/10.35490/ec3.2025.263,False,publication_type:proceedings-article,0.2011,exact_ontology
dano.ttl,"""DAnO"" ontology",openalex,https://openalex.org/W4413454084,Ontology-based reasoning in automatic floor plan analysis,"Phillip Schönfelder, Markus König",2025,Advanced Engineering Informatics,5,"The growing need for digital representations of existing buildings in the Architecture, Engineering, Construction & Operations (AECO) domain necessitates efficient methods to retrospectively create Building Information Modeling (BIM) models. One prominent approach to obtain the necessary information is Plan-to-BIM, i.e., analyzing building documentation such as floor plans. However, the storage of this information is not standardized which leads to compatibility issues in collaborative scenarios. To address this, the paper presents the Drawing Analysis Ontology (DAnO), which is designed to standardize the representation of technical drawing data extracted through computer vision techniques. Focusing on floor plans, DAnO enables the aggregation, integration, and validation of extracted elements by defining key concepts, such as DrawingElement, DisplayElement, and DescriptionElement, and their relationships. By means of real floor plans, a case study demonstrates the ontology’s effectiveness in facilitating the generation of building models from legacy drawings, highlighting its potential to streamline BIM reconstruction workflows and to enhance interoperability in the AECO industry.",10.1016/j.aei.2025.103761,https://openalex.org/W4413454084,True,"publication_type:article, Ontology, Plan (archaeology), Computer science, Floor plan, Software engineering",0.2445,exact_ontology
db.ttl,"""Digital Buildings"" ontology",openalex,https://openalex.org/W3109142512,A Digital Buildings Ontology for Google's Real Estate.,"Keith Berkoben, Charbel El Kaed, Trevor Sodorff",2020,,2,,,https://openalex.org/W3109142512,False,"publication_type:article, Ontology, Real estate, Computer science, Architectural engineering, World Wide Web",0.2533,exact_ontology
dicc.ttl,"""Digital Construction Contexts"" ontology",openalex,https://openalex.org/W3200146144,A shared ontology suite for digital construction workflow,"Yuan Zheng, Seppo Törmä, Olli Seppänen",2021,Automation in Construction,107,"With ongoing advancements in information and communication technologies (ICTs) in all stages of the construction lifecycle, information from entities related to construction workflow (CW) can now be automatically collected. These implementations are point solutions, which require systematic integration to combine their information to enable a holistic picture of CW. The major barrier to such integration is information heterogeneity, where the information is collected from different systems under multiple contexts. Scholars in the construction domain have explored the use of ontology to solve the information-integration problem, although an ontology that both adequately represents the CW and integrates the digitalized information of CW via various systems and multiple contexts is currently missing from the existing literature. This research thus presents an ontology set for formalizing and integrating CW information within the digital construction context. The proposed digital construction ontologies (DiCon) are shared representations of construction domain knowledge that specify the terms and relations of CWs and their related information. We developed the DiCon based on a hybrid ontology development approach. The DiCon includes six modules: Entities, Processes, Information, Agents, Variables, and Contexts. The developed DiCon was further evaluated by approaches including automatic consistency checking, criteria-based evaluation, expert workshops, and task-based evaluation and involved two use cases by answering relevant competency questions via SPARQL queries. The results of the evaluation demonstrate that the DiCon ontologies are sufficient to represent domain knowledge and can formalize and integrate CW information within the digital construction context.",10.1016/j.autcon.2021.103930,https://openalex.org/W3200146144,True,"publication_type:article, Ontology, Computer science, Workflow, Context (archaeology), Consistency (knowledge bases)",0.2621,exact_ontology
dici.ttl,"""Digital Construction Information"" ontology",openalex,https://openalex.org/W4388540746,Ontology-Based Semantic Construction Image Interpretation,"Yuan Zheng, Mustafa K. Masood, Olli Seppänen, Seppo Törmä, Antti Aikala",2023,Buildings,5,"Image-based techniques have become integral to the construction sector, aiding in project planning, progress monitoring, quality control, and documentation. In this paper, we address two key challenges that limit our ability to fully exploit the potential of images. The first is the “semantic gap” between low-level image features and high-level semantic descriptions. The second is the lack of principled integration between images and other digital systems used in construction, such as construction schedules and building information modeling (BIM). These challenges make it difficult to effectively incorporate images into digital twins of construction (DTC), a critical concept that addresses the construction industry’s need for more efficient project management and decision-making. To address these challenges, we first propose an ontology-based construction image interpretation (CII) framework to formalize the interpretation and integration workflow. Then, the DiCon-SII ontology is developed to provide a formalized vocabulary for visual construction contents and features. DiCon-SII also acts as a bridge between images and other digital systems to help construct an image-involved DTC. To evaluate the practical application of DiCon-SII and CII in supporting construction management tasks and as a precursor to DTC, we conducted a case study involving drywall installation. Via this case study, we demonstrate how the proposed methods can be used to infer the operational stage of a construction process, estimate labor productivity, and retrieve specific images based on user queries.",10.3390/buildings13112812,https://openalex.org/W4388540746,True,"publication_type:article, Ontology, Computer science, Workflow, Process (computing), Vocabulary",0.3088,exact_ontology
dogont.ttl,"""DogOnt: Ontology Modeling for Intelligent Domotic Environments"" ontology",openalex,https://openalex.org/W3209358604,BFO-based ontology enhancement to promote interoperability in BIM,"Justine Flore Tchouanguem, Mohamed Hedi Karray, Bernard Kamsu Foguem, Camille Magniont, Fonbeyin Henry Abanda, Barry Smith",2021,Applied Ontology,9,"Building Information Modelling (BIM) is a process for managing construction project information in such a way as to provide a basis for enhanced decision-making and for collaboration in a construction supply chain. One impediment to the uptake of BIM is the limited interoperability of different BIM systems. To overcome this problem, a set of Industry Foundation Classes (IFC) has been proposed as a standard for the construction industry. Building on IFC, the ifcOWL ontology was developed in order to facilitate representation of building data in a consistent fashion across the Web by using the Web Ontology Language (OWL). This study presents a critical analysis of the ifcOWL ontology and of the associated interoperability issues. It shows how these issues can be resolved by using Basic Formal Ontology (ISO/IEC 21838-2) as top-level architecture. A set of competency questions is used as the basis for comparison of the original ifcOWL with the enhanced ontology, and the latter is used to align with a second ontology – the ontology for building intelligent environments (DOGONT) – in order to demonstrate the added value derived from BFO by showing how querying the enhanced ifcOWL yields useful additional information.",10.3233/ao-210254,https://openalex.org/W3209358604,True,"publication_type:article, Ontology, Interoperability, Computer science, Building information modeling, Upper ontology",0.2403,exact_ontology
dot.ttl,"""Damage Topology Ontology"" ontology",openalex,https://openalex.org/W3016882567,An ontological model for the representation of damage to constructions,"Al‐Hakam Hamdan, Mathias Bonduel, Raimar J. Scherer",2019,Lirias (KU Leuven),29,"The Damage Topology Ontology (DOT) is presented, a web ontology that provides terminology to represent construction-related damages and their topology as well as relations to affected construction elements and spatial zones. Besides the topology, classes and properties for documentation management and a minimal structural assessment have been proposed in DOT. In this regard, DOT provides all classes and properties needed for practical use in construction inspections and damage assessment. The ontology is developed to be used with the modular Linked Building Data ontologies structure, where DOT works as core damage ontology which can be extended with multiple modules related to detailed damage classification, damage assessment, mechanical degradation and other application scenarios. Geometrical damage representations are separated from the topology, so that it is possible to initially record damages during the inspection without any geometrical properties and link it later with a corresponding representation using terminology from geometry-related ontologies. In conclusion, DOT can be applied as a stand-alone web ontology to represent damages in a machine-interpretable format and replace conventional record approaches. Therefore, a generic terminology is used that enables the inclusion of various types of damage, which can be extended with domain-specific information.",,https://openalex.org/W3016882567,True,"publication_type:article, Representation (politics), Computer science, Epistemology, Natural language processing, Artificial intelligence",0.2414,exact_ontology
dot.ttl,"""Damage Topology Ontology"" ontology",openalex,https://openalex.org/W4403196159,Formalisation of Knowledge About Non-Destructive Testing Methods For Bridge Structures Based on The Development of The Sodia Ontology,"Jan-Iwo Jäkel, Eva Heinlein, Katharina Klemt‐Albert",2024,,2,"The increasing load on bridge structures is leading to more and more damage. In order to ensure a long service life, the operator of the structure needs to consider the identification of the causes and further effects of the damage as a high priority. For this purpose, it is necessary to carry out diagnostic procedures on the structure. The domain of structural diagnostics is characterised by complex processes, their manifold dependencies and non-formalised knowledge. As a result, the processes of diagnostics are complex, resource-intensive and not interoperable. For this reason, this article presents an ontology (SODIA ontology) dedicated to the field of non-destructive testing of bridge structures. The developed ontology will further standardise the domain, structure existing dependencies and create interoperability. This will contribute to the further digitalisation of the maintenance management of engineering structures. As a result, necessary future measures will be initiated proactively and the service life of the structures increased.",10.3311/ccc2024-119,https://openalex.org/W4403196159,True,"publication_type:article, Ontology, Bridge (graph theory), Computer science, Development (topology), Software engineering",0.1879,exact_ontology
dtc.ttl,"""Digital Twin Construction Ontology"" ontology",openalex,https://openalex.org/W4408472960,Reference architecture and ontology framework for digital twin construction,"Jonas Schlenger, Kacper Pluta, Alwyn Mathew, Timson Yeung, Rafael Sacks, André Borrmann",2025,Automation in Construction,27,"The application of digital twins in building construction faces challenges due to limited guidance on the necessary data management layers. This paper addresses this gap by investigating how the reference architecture for Digital Twin Construction (DTC) should be structured to manage planning information, raw monitoring data, and derived knowledge, as well as its data schema to compare project plans with status. By defining platform requirements and using Design Science Research Methodology, a solution was implemented and validated using a case study based on the ConSLAM dataset. A plugin-based DTC reference architecture employing multiple RDF graphs linked to specialized databases and the DTC Ontology as the internal data schema are introduced. This architecture guides construction companies in data-driven decision-making during execution. It establishes a foundation for managing digital twins and fosters the development of domain-specific services that benefit from clear data structures, supporting a holistic digital twin adaptable to project-specific needs. • Data management platform for DTC using Semantic Web technologies and open standards. • Reference architecture for digital twins of the construction execution phase. • Digital Twin Construction Ontology for comparison of project intent and status. • Storage and retrieval of data, information, and knowledge. • Case study demonstrating the platform’s application based on the ConSLAM dataset.",10.1016/j.autcon.2025.106111,https://openalex.org/W4408472960,True,"publication_type:article, Architecture, Ontology, Computer science, Reference architecture, Software engineering",0.3879,exact_ontology
dtc.ttl,"""Digital Twin Construction Ontology"" ontology",openalex,https://openalex.org/W4400380097,Reference Architecture and Ontology Framework for Digital Twin Construction,"Jonas Schlenger, Kacper Pluta, Alwyn Mathew, Timson Yeung, Rafael Sacks, André Borrmann",2024,SSRN Electronic Journal,0,,10.2139/ssrn.4887436,https://openalex.org/W4400380097,True,"publication_type:preprint, Architecture, Ontology, Computer science, Reference architecture, Computer architecture",0.2978,exact_ontology
dtc.ttl,"""Digital Twin Construction Ontology"" ontology",openalex,https://openalex.org/W7165853082,Towards Practical Digital Twin Construction Systems,"Timson Yeung, Rafael Sacks",2026,Proceedings of the ... ISARC,0,"Building construction projects are socio-technical production systems in which variance, uncertainty and unpredictable events are the norm.Such systems need short-cycle Plan-Do-Check-Act (PDCA) loops to detect anomalies in production flow as early as possible so that remedial actions can be evaluated and well-informed decisions made.This is the goal of Digital Twin Construction (DTC).We define practical DTC as a minimal coherent system that captures a project's current status, compares the status to design and planning intent, analyses variance, predicts the outcomes of possible interventions, and thus informs specific managerial decisions at the required cadence.We introduce a 'thinking backward' decision-centric design approach for DTC systems that traces requirements from a target decision and its PDCA cycle through knowledge and information needs to data acquisition and enabling technologies.The approach characterizes managerial decisions by autonomy, fidelity, and scope, and proposes five degrees of implementation as system capability configurations for incremental development.This contributes an actionable basis for specifying and incrementally implementing DTC systems that deliver decision value early while maintaining a clear pathway toward more advanced implementations.",10.22260/isarc2026/0272,https://openalex.org/W7165853082,True,"publication_type:article, Computer science, Field (mathematics), Key (lock), Engineering, Set (abstract data type)",0.2584,exact_ontology
dtc.ttl,"""Digital Twin Construction Ontology"" ontology",openalex,https://openalex.org/W7125818766,LLM-enabled multi-agent framework for natural language interaction with graph-based digital twins,"Yuandong Pan, Mudan Wang, Linjun Lu, Rabindra Lamsal, Erika Pärn, Sisi Zlatanova, Ioannis Brilakis",2026,Automation in Construction,5,"Digital twins are increasingly used in the Architecture, Engineering, and Construction (AEC) industry, but their adoption is often hindered by the need for specialised knowledge, such as database querying. This paper presents Graph-DT-GPT, a multi-agent framework that integrates Large Language Models (LLMs) with graph-based digital twins to enable natural language interaction. The framework is designed with modular agents, including decision, query generation, and answer extraction, and grounds all LLMs’ outputs in structured graph data to improve response reliability and reduce hallucinations. The framework is evaluated on two use cases: a city-level graph with over 40,000 building nodes and room-level apartment layout graphs. Graph-DT-GPT achieves 100% and 95.5% answer correctness using Claude Sonnet 4.5 and GPT-4o, respectively, in the city-scale case, and 100% correctness in the room-level case, significantly outperforming baseline methods including LangChain Neo4j pipelines by approximately 40% and 10%, respectively. These results demonstrate its scalability and potential to enhance accessible, accurate information retrieval in AEC digital twin applications. • Propose Graph-GT-GPT, an LLM-enabled multi-agent framework for graph-based digital twins. • Introduce modular agents for query decomposition, generation, and response synthesis. • Ground LLM outputs in graph data to reduce hallucinations and improve reliability. • Deploy prototypes that outperform the LangChain Neo4j toolbox and prompt-only baselines. • Handle complex reasoning tasks like shortest-path finding in room graphs.",10.1016/j.autcon.2026.106791,https://openalex.org/W7125818766,True,"publication_type:article, Computer science, Correctness, Scalability, Modular design, Graph",0.2297,exact_ontology
eco.ttl,DOI:10.1016/j.aei.2025.104218,doi_lookup,10.1016/j.aei.2025.104218,Eurocode Core Ontology: Building the semantic framework for structural design assistants,"Agnieszka Jędrzejewska, Maria Laura Leonardi, Carlos Ramonell Cazador, José Granja, Rolando Chacón, Daniel V. Oliveira, Miguel Azenha",2026,Advanced Engineering Informatics,0,,10.1016/j.aei.2025.104218,https://doi.org/10.1016/j.aei.2025.104218,False,publication_type:journal-article,0.36,exact_ontology
emmo.ttl,"""Elementary Multiperspective Material Ontology (EMMO)"" ontology",openalex,https://openalex.org/W4404579307,Elementary Multiperspective Material Ontology: Leveraging Perspectives via a Showcase of EMMO-Based Domain and Application Ontologies,"Pierluigi Del Nostro, Jesper Friis, Emanuele Ghedini, Gerhard Goldbeck, Oskar Holtz, Otello Maria Roscioni, Francesco Antonio Zaccarini, Daniele Toti",2024,,6,"The effectiveness of semantic technologies in ensuring interoperability is often hindered by the preference for internally developed knowledge bases and the presence of diverse conceptual frameworks and implementation choices. Foundational, upper-level ontologies based on FOL and OWL2-DL address interoperability and provide a robust foundation for domain and application ontologies. They emphasize logical rigor and expressiveness, aligning with the idea of shared ontologies for knowledge diffusion and reuse. In scientific and industrial contexts, a framework that accommodates scientific pluralism is essential. The Elementary Multiperspective Material Ontology (EMMO) meets this need, offering a rigorous yet pluralistic representation of knowledge through the mereocausal theory, focusing on parthood (mereology) and causation. EMMO’s adaptable architecture includes discipline-specific modules, enabling the representation of items from multiple perspectives, such as viewing an image as both an’Object’ and’Data’. This paper presents EMMO’s perspectives, including the Reductionistic, Holistic, Persistence, Contrast, Structural and Semiotics perspectives. It then proceeds to showcase four recently-developed ontologies based on EMMO, one at the domain level (CHAMEO) and three at the application level (BTO, HPO and MAEO), taking advantage of EMMO’s perspectives and therefore demonstrating its representational capabilities and versatility.",10.5220/0012910200003838,https://openalex.org/W4404579307,True,"publication_type:article, Ontology, Computer science, Domain (mathematical analysis), World Wide Web, Ontology components",0.3365,exact_ontology
emmo.ttl,"""Elementary Multiperspective Material Ontology (EMMO)"" Materials ontology",openalex,https://openalex.org/W3210412633,Application of an ontology based process model construction tool for active protective coatings: Corrosion inhibitor release,"Peter Klein, Heinz A. Preisig, Martin Horsch, Natalia Konchakova",2021,Publikationsdatenbank der Fraunhofer-Gesellschaft (Fraunhofer-Gesellschaft),2,"Ontology-based integrated materials modelling for an active protective coating system design is presented and applied to a practical example. For this purpose, an ontological methodology implemented using the ProMo (Process Modelling) suite is developed to be used with an open simulation platform (OSP), <em>i.e.</em>, a workflow management and orchestration framework that can be integrated into digital in-frastructures. The target infrastructures, which are under development in various Horizon 2020 projects, include modelling marketplaces, open innovation platforms, and open translation environments among others. Semantic interoperability for the communication between the involved digital infrastructures, including the simulation hubs, relies on the Review of Materials Modelling (RoMM), MODA (Modelling Data), and the Ontology for Simulation, Modelling, and Optimization (OSMO) in combination with the Physicalistic Interpretation of Modelling and Simulation Interoperability Infrastructure (PIMS-II) mid-level ontology, which is aligned with the Elementary Multiperspective Material Ontology (EMMO) as a top-level ontology. The challenge of addressing semantic heterogeneity is addressed by working toward crosswalks between domain-specific and mid-level ontologies for industrially relevant problems, where knowledge graph transformation is evaluated as a candidate solution for a future implementation strategy. The involved semantic artefacts are platform-agnostic, and their EMMO compliance allows for a specification of executable modelling and simulation workflows on multiple EMMO-compliant OSPs. We demonstrate the presented approach on industrial relevant example for development of active corrosion protection of metallic surfaces.",10.5281/zenodo.5559061,https://openalex.org/W3210412633,True,"publication_type:article, Corrosion inhibitor, Process (computing), Corrosion, Computer science, Ontology",0.2305,exact_ontology
emmo.ttl,"""Elementary Multiperspective Material Ontology (EMMO)"" ontology",openalex,https://openalex.org/W3208251764,"OSMO: Ontology for Simulation, Modelling, and Optimization","Martin Horsch, Daniele Toti, Silvia Chiacchiera, Michael A. Seaton, Gerhard Goldbeck, Ilian T. Todorov",2021,CLOK (University of Central Lancashire),3,"This work describes the ontology OSMO,<em> i.e.</em>, an ontologization and extension of MODA, a workflow metadata standard that constitutes a mandatory requirement within a number of European calls and projects in the context of materials modelling. OSMO was developed within the Horizon 2020 project VIMMP (Virtual Materials Marketplace) and is part of a larger effort in ontology engineering driven by the European Materials Modelling Council, with the Elementary Multiperspective Material Ontology (EMMO) as its core. As such, OSMO provides connections and alignments with other related domain ontologies in computational engineering, including the EMMO itself. This work summarizes the domain, purpose, and design choices underlying OSMO, commenting on the implementation of OSMO and its applications.",10.5281/zenodo.5237774,https://openalex.org/W3208251764,True,"publication_type:article, Ontology, Workflow, Ontology engineering, Computer science, Metadata",0.1761,exact_ontology
emmo.ttl,"""Elementary Multiperspective Material Ontology (EMMO)"" ontology",openalex,https://openalex.org/W4403137571,Performance Evaluation of Upper‐Level Ontologies in Developing Materials Science Ontologies and Knowledge Graphs,"Hossein Beygi Nasrabadi, Ebrahim Norouzi, Harald Sack, Birgit Skrotzki",2024,Advanced Engineering Materials,5,"This study tackles a significant challenge in ontology development for materials science: selecting the most appropriate upper‐level ontologies for creating application‐level ontologies and knowledge graphs. Focusing on the use case of Brinell hardness testing, the research assesses the performance of various top‐level ontologies (TLOs)—basic formal ontology (BFO), elementary multiperspective material ontology (EMMO), and provenance ontology (PROVO)—in developing Brinell testing ontologies (BTOs). Consequently, three versions of BTOs are created using combinations of these TLOs along with their integrated mid‐ and domain‐level ontologies. The performance of these ontologies is evaluated based on ten parameters: semantic richness, domain coverage, extensibility, complexity, mapping efficiency, query efficiency, integration with other ontologies, adaptability to different data contexts, community acceptance, and documentation and maintainability. The results show that all candidate TLOs can effectively develop BTOs, each with its distinct advantages. BFO provides a well‐structured, understandable hierarchy, and excellent query efficiency, making it suitable for integration across various ontologies and applications. PROVO demonstrates balanced performance with strong integration capabilities. Meanwhile, EMMO offers high semantic richness and domain coverage, though its complex structure impacts query efficiency and integration with other ontologies.",10.1002/adem.202401534,https://openalex.org/W4403137571,True,"publication_type:article, Materials science, Knowledge graph, Ontology, Data science, Nanotechnology",0.1724,exact_ontology
emmo.ttl,"""Elementary Multiperspective Material Ontology (EMMO)"" ontology",openalex,https://openalex.org/W4286560762,CHAMEO: An ontology for the harmonisation of materials characterisation methodologies,"Pierluigi Del Nostro, Gerhard Goldbeck, Daniele Toti",2022,Applied Ontology,19,"The field of materials characterisation encompasses a wide range of methods and related research communities. This has led to a proliferation of terminologies and data management approaches, hindering collaboration and interoperability. In this work, a domain ontology designed to model the common aspects across the different characterisation methodologies is presented. This ontology, called the CHAMEO ontology, is based on a recent CEN Workshop Agreement (CWA 17815) which introduced a standardised terminology and the Characterisation Data (CHADA) documentation scheme. The goal of CHAMEO is to provide a framework for harmonising the underlying method-specific ontologies, which can be developed by reusing and specialising the generic constructs of the CHAMEO ontology. This work is part of a broader initiative under the umbrella of the European Materials Modelling Council (EMMC), for the development of interconnected materials modelling ontologies based on a common root that is the Elementary Multiperspective Material Ontology (EMMO). The CHAMEO ontology was developed within the NanoMECommons European project that has the goal of harmonising characterisation protocols. The CHAMEO ontology has also been aligned with a number of recently developed, EMMO-based domain ontologies for the classification of materials, models, manufacturing processes and software products related to Materials Modelling. Availability. The axiomatization of the ontology is stored in a GitHub repository available at: https://github.com/emmo-repo/domain-characterisation-methodology, and is published at the following URL: http://emmo.info/emmo/domain/chameo/chameo.",10.3233/ao-220271,https://openalex.org/W4286560762,True,"publication_type:article, Ontology, Computer science, Interoperability, Documentation, Terminology",0.1608,exact_ontology
emmo.ttl,"""Elementary Multiperspective Material Ontology (EMMO)"" ontology",openalex,https://openalex.org/W4385462128,"Modeling experts, knowledge providers and expertise in Materials Modeling: MAEO as an application ontology of EMMO’s ecosystem","Pierluigi Del Nostro, Pierluigi Del Nostro, Gerhard Goldbeck, Gerhard Goldbeck, Andrea Pozzi, Andrea Pozzi, Daniele Toti",2023,Applied Ontology,2,"This work presents the MarketPlace Agent and Expert Ontology (MAEO), an ontology for modeling experts, expertise, and more broadly, knowledge providers and knowledge seekers for the subject areas of Materials Modeling. MAEO had its inception within the “MarketPlace” European project, whose purpose is to bring about a single entry point for gathering scientific and industrial stakeholders in Materials Modeling. As such, this project aimed to build an online platform where experts and knowledge providers can be searched, found and brought into contact with users, or knowledge seekers, and with one another. MAEO was developed in order to fulfill the requirements of this online platform and thus support it, but is also part of a wider ecosystem of Materials Modeling-related ontologies, at whose core lies the Elementary Multiperspective Material Ontology (EMMO). MAEO is thus an EMMO-compliant application ontology, and has been loosely aligned with a number of existing ontologies, including Friend-Of-A-Friend (FOAF) and five recently-developed EMMO-based domain ontologies for the classification of materials, models, manufacturing processes, characterization methods and software products related to Materials Modeling. Here, a detailed description of the axiomatization of MAEO and its interconnected ontologies is provided, along with results coming from its deployment and experimentation in a StarDog triplestore. Availability. The axiomatization of the ontology is stored in a GitHub repository available at: https://github.com/emmo-repo/MAEO-Ontology, and is published at the following URL: http://emmo.info/emmo/application/maeo/experts.",10.3233/ao-230024,https://openalex.org/W4385462128,False,"publication_type:article, Ontology, Computer science, World Wide Web, Knowledge modeling, Upper ontology",0.131,exact_ontology
facility.ttl,"""Facility Ontology"" ontology",openalex,https://openalex.org/W1759039556,Ontology-based facility data model for energy management,"Nikola Tomašević, Marko Batić, Luis M. Blanes, Marcus Keane, Sanja Vraneš",2015,Advanced Engineering Informatics,52,,10.1016/j.aei.2015.09.003,https://openalex.org/W1759039556,False,"publication_type:article, Ontology, Interoperability, Computer science, Ontology-based data integration, Context (archaeology)",0.26,exact_ontology
facility.ttl,"""Facility Ontology"" ontology",openalex,https://openalex.org/W2159222004,Design of benchmark imagery for validating facility annotation algorithms,"Randy Roberts, Paul A. Pope, Ranga Raju Vatsavai, Ming Jiang, L.F. Arrowood, T.G. Trucano, Shaun S. Gleason, Anil Cheriyadat, Alexandre Sorokine, Aggelos K. Katsaggelos, Thrasyvoulos N. Pappas, L Gaines, Lawrence K. Chilton",2011,,3,"The design of benchmark imagery for validation of image an notation algorithms is considered. Emphasis is placed on imagery that contains industrial facilities, such as chemical re fineries. An application-level facility ontology is used as a means to define salient objects in the benchmark imagery. Instrinsic and extrinsic scene factors important for comprehensive validation are listed, and variability in the benchmarks discussed. Finally, the pros and cons of three forms of bench mark imagery: real, composite and synthetic, are delineated.",10.1109/igarss.2011.6049340,https://openalex.org/W2159222004,True,"publication_type:article, Benchmark (surveying), Computer science, Salient, Notation, Ontology",0.13,exact_ontology
ffdr.ttl,DOI:10.1016/j.aei.2023.101992,doi_lookup,10.1016/j.aei.2023.101992,An ontology to represent firefighters data requirements during building fire emergencies,"Eyosias Dawit Guyo, Timo Hartmann, Sean Snyders",2023,Advanced Engineering Informatics,25,,10.1016/j.aei.2023.101992,https://doi.org/10.1016/j.aei.2023.101992,False,publication_type:journal-article,0.3255,exact_ontology
ffdr.ttl,"""Firefighters' Data Requirements Ontology"" ontology",openalex,https://openalex.org/W4283574740,Development of an ontology for the representation of firefighters’ data requirements during building fire emergencies,"Eyosias Dawit Guyo, Thierry Hartmann",2022,,0,"Firefighters require accurate and timely information regarding a building and its environment to perform their duty safely and effectively during a fire emergency. However, due to the chaotic nature of building fires, firefighters often receive erroneous, conflicting, or delayed information that can affect the outcome of a hazard. In this paper, we propose a solution in the form of an ontology that defines building and environmental data needed by firefighters during a building fire emergency. The ontology can be a basis for developing intelligent tools and systems that collect building and environmental data from different data sources and provide comprehensive information to firefighters. It can also facilitate the data exchange process between the different personnel involved in emergency response. The ontology was developed by following the METHONTOLOGY method, and it was implemented using the web ontology language (OWL) in Protégé 5.5.0.",10.7146/aul.455.c190,https://openalex.org/W4283574740,True,"publication_type:article, Ontology, Computer science, Process (computing), Hazard, Firefighting",0.2445,exact_ontology
ffdr.ttl,"""https://purl.org/ffdr-ontology""",openalex,https://openalex.org/W4384405404,Integration of building and environmental data to support fire emergency response operations,"Eyosias Dawit Guyo, T. Hartmann",2023,Computing in construction,0,"This research work investigates data integration systems that integrate data from building and city-scale data sources. Fire emergency responders' data requirements are the focus of the study. Existing data integration methods were first analysed. Then an ontology that formalises firefighters' data requirements during building emergencies is developed. Afterwards, a data integration framework that is based on a database system and that uses the knowledge base defined in the ontology is proposed. Finally, a comparative analysis of graph-based and relational database systems was conducted to identify a suitable database system for managing building and environmental data.",10.35490/ec3.2023.339,https://openalex.org/W4384405404,True,"publication_type:article, Computer science, Ontology, Data integration, Relational database, Database design",0.2054,exact_ontology
fog.ttl,"""https://w3id.org/fog""",openalex,https://openalex.org/W3013345547,Including widespread geometry schemas into Linked Data-based BIM applied to built heritage,"Mathias Bonduel, Anna Wagner, Pieter Pauwels, Maarten Vergauwen, Ralf Klein",2019,Proceedings of the Institution of Civil Engineers - Smart Infrastructure and Construction,9,"A reliable data exchange – often including geometry-related data – between stakeholders is crucial in construction projects. In this regard, data exchange frameworks built on Linked Data principles are very promising for combining disparate data sets. However, existing proposals to combine geometry and Linked Data either demand dedicated applications or support only a limited number of common geometry schemas. If any existing geometry schema could be used in a Linked Data context, error-prone geometry conversions are avoided and stakeholders do not need to invest in new geometry engines. In this paper, the applicability of Resource Description Framework (RDF) literals for including a wide variety of existing geometry schemas is studied and applied in a built heritage context. The uniform linking pattern and related terminology of the Ontology for Managing Geometry are used to implement this approach. Subsequently, the File Ontology for Geometry formats and Geometry Metadata Ontology are developed to ease the reuse of linked geometry descriptions. The effectiveness of the entire data structure is demonstrated in a built heritage case study project. The receiving party is able to create successfully a coordinated view – using a demo web application – on shared, but disparate, RDF data sets containing geometry descriptions.",10.1680/jsmic.19.00014,https://openalex.org/W3013345547,True,"publication_type:article, Computer science, Terminology, Geometry, Ontology, Context (archaeology)",0.2353,exact_ontology
fso.ttl,"""The Flow Systems Ontology (FSO)"" ontology",openalex,https://openalex.org/W4200122439,An ontology to support flow system descriptions from design to operation of buildings,"Ville Kukkonen, Ali Kücükavci, Mikki Seidenschnur, Mads Holten Rasmussen, Kevin Michael Smith, Christian Anker Hviid",2021,Automation in Construction,56,"The interoperability of information from design to operations is an acknowledged challenge in the fields of architecture, engineering and construction (AEC). As a potential solution to the interoperability issues, there has been increasing interest in how linked data and semantic web technologies can be used to establish an extendable data model. Semantic web ontologies have been developed for the AEC domain, but an ontology for describing the energy and mass flow between systems and components is missing. This study proposes the Flow Systems Ontology (FSO) for describing the composition of flow systems, and their mass and energy flows. Two example models are expressed using FSO vocabulary. SPARQL Protocol and RDF Query Language (SPARQL) queries are performed to further demonstrate and validate the ontology. The main contribution consists of developing FSO as an ontology complementary to the existing ontologies. Finally, the paper introduces a roadmap for future developments building on FSO.",10.1016/j.autcon.2021.104067,https://openalex.org/W4200122439,True,"publication_type:article, SPARQL, Ontology, Computer science, Interoperability, RDF",0.2693,exact_ontology
fso.ttl,"""The Flow Systems Ontology (FSO)"" ontology",openalex,https://openalex.org/W4312712856,"Taking advantage of semantic web ontologies and shape constraints for Heating, Cooling and Ventilation Systems","Ali Kücükavci, Mikki Seidenschnur, Kristoffer Negendahl, Christian Anker Hviid",2022,E3S Web of Conferences,3,"In recent years semantic web ontologies have improved data interoperability within architecture, engineering, construction, and operation of buildings. One of the persisting issues inhibiting quality assurance is a lack of robust model validation of BIM models used for HVAC flow system simulation and analysis. This article provides a novel approach for automating the BIM validation process using SHACL shapes and FSO/FPO ontologies. Using this approach will ensure that the BIM model contains the required HVAC information for simulating hydraulic systems. The paper presents multiple shapes developed to identify and validate typical HVAC design details in buildings.",10.1051/e3sconf/202236204002,https://openalex.org/W4312712856,True,"publication_type:article, HVAC, Interoperability, Computer science, Semantic Web, Process (computing)",0.2389,exact_ontology
fso.ttl,"""The Flow Systems Ontology (FSO)"" ontology",openalex,https://openalex.org/W4412291586,A roadmap toward a unified ontology for building service systems in the AECO industry: TSO and FSO,"Nicolas Pauen, Ville Kukkonen, Ali Kücükavci, Mads Holten Rasmussen, Mikki Seidenschnur, Dominik Schlütter, Christian Anker Hviid, Christoph van Treeck",2022,Aaltodoc (Aalto University),1,Funding Information: The research within the project EnergyTWIN leading to these results has received funding from the German Ministry for Industry and Energy under grant agreement no. 03EN1026A. Publisher Copyright: © 2022 Copyright for this paper by its authors.,,https://openalex.org/W4412291586,True,"publication_type:article, Ontology, Service (business), Computer science, Business, Systems engineering",0.2222,exact_ontology
geosparql.ttl,"""GeoSPARQL Ontology"" ontology",openalex,https://openalex.org/W2241419866,An ontology matching method for GML application ontology to GeoSPARQL ontology,"Ruqiong Qiu, Hongwei Duan, Xiaomin Yu, Lina Zheng, Qi Cheng",2015,,1,"Because of the GML specification's widely use, GML application semantic data provides massive, rich geographic semantic data for semantic web, standardized and consistent semantic query has become the key point of intelligent application for GML application semantic data. GeoSPARQL standard proposed by OGC can make consistent representation and query for heterogeneous, incompatible geographic semantic data, so it can be used as a base for consistency semantic query. This paper firstly uses ontology construction and ontology matching technology to map GML application ontology and GeoSPARQL ontology. Secondly, reasoning technology and semantic reasoning engine are used to realize a consistency semantic query experiment based on GeoSPARQL standard. The query experiment shows that this method is effective and feasible, and has a certain universal.",10.1109/geoinformatics.2015.7378625,https://openalex.org/W2241419866,False,"publication_type:article, Computer science, Information retrieval, Ontology, Ontology-based data integration, Upper ontology",0.2575,exact_ontology
geosparql.ttl,"""GeoSPARQL Ontology"" ontology",openalex,https://openalex.org/W4386541473,An Ontology-Based Framework for Geospatial Integration and Querying of Raster Data Cube Using Virtual Knowledge Graphs,"Younes Hamdani, Guohui Xiao, Linfang Ding, Diego Calvanese",2023,ISPRS International Journal of Geo-Information,25,"The integration of the raster data cube alongside another form of geospatial data (e.g., vector data) raises considerable challenges when it comes to managing and representing it using knowledge graphs. Such integration can play an invaluable role in handling the heterogeneity of geospatial data and linking the raster data cube to semantic technology standards. Many recent approaches have been attempted to address this issue, but they often lack robust formal elaboration or solely concentrate on integrating raster data cubes without considering the inclusion of semantic spatial entities along with their spatial relationships. This may constitute a major shortcoming when it comes to performing advanced geospatial queries and semantically enriching geospatial models. In this paper, we propose a framework that can enable such semantic integration and advanced querying of raster data cubes based on the virtual knowledge graph (VKG) paradigm. This framework defines a semantic representation model for raster data cubes that extends the GeoSPARQL ontology. With such a model, we can combine the semantics of raster data cubes with features-based models that involve geometries as well as spatial and topological relationships. This could allow us to formulate spatiotemporal queries using SPARQL in a natural way by using ontological concepts at an appropriate level of abstraction. We propose an implementation of the proposed framework based on a VKG system architecture. In addition, we perform an experimental evaluation to compare our framework with other existing systems in terms of performance and scalability. Finally, we show the potential and the limitations of our implementation and we discuss several possible future works.",10.3390/ijgi12090375,https://openalex.org/W4386541473,True,"publication_type:article, Computer science, Geospatial analysis, Raster graphics, Ontology, Raster data",0.2263,exact_ontology
geosparql.ttl,"""GeoSPARQL Ontology"" ontology",openalex,https://openalex.org/W4406906808,Use of Semantic Web Technologies to Enhance the Integration and Interoperability of Environmental Geospatial Data: A Framework Based on Ontology-Based Data Access,"Sajith Ranatunga, Rune Strand Ødegård, Knut Jetlund, Erling Onstein",2025,ISPRS International Journal of Geo-Information,13,"This study addresses the challenges of integrating heterogeneous environmental geospatial data by proposing a framework based on ontology-based data access (OBDA). Geospatial data are important for decision-making in various domains, such as environmental monitoring, disaster management, and urban development. Data integration is a common challenge within these domains due to data heterogeneity and semantic discrepancies. The proposed framework uses semantic web technologies to enhance data interoperability, accessibility, and usability. Several practical examples were demonstrated to validate its effectiveness. These examples were based in Lake Mjøsa, Norway, addressing both spatial and non-spatial scenarios to test the framework’s potential. By extending the GeoSPARQL ontology, the framework supports SPARQL queries to retrieve information based on user requirements. A web-based SPARQL Query Interface (SQI) was developed to execute queries and display the retrieved data in tabular and visual format. Utilizing free and open-source software (FOSS), the framework is easily replicable for stakeholders and researchers. Despite some limitations, the study concludes that the framework is able to enhance cross-domain data integration and semantic querying in various informed decision-making scenarios.",10.3390/ijgi14020052,https://openalex.org/W4406906808,True,"publication_type:article, Interoperability, Geospatial analysis, Ontology, Computer science, Semantic interoperability",0.2243,exact_ontology
geosparql.ttl,"""GeoSPARQL Ontology"" Geographic Information ontology",openalex,https://openalex.org/W3117847139,Geoff: a linked data vocabulary for describing the form and function of spatial objects,"Kris McGlinn, Declan O’Sullivan, Christophe Debruyne, Éamonn Clinton, Rob Brennan",2020,Dublin City University Open Access Institutional Repository (Dublin City University),2,"Geoff, the geospatial form and function vocabulary, is a comprehensive RDF-based spatial object classification scheme based on a separation of the&#13;\nconcepts of form and function. Geoff is based on our analysis of the extensive&#13;\n(over 50 million spatial object instances) Digital Landscape Model (DLM) Core&#13;\nmodel maintained by Ordnance Survey Ireland (OSi). We propose Geoff as there&#13;\nare currently no open geospatial form and function classification systems that&#13;\ncover the full range of geospatial objects (from buildings and roads to lakes and&#13;\nother natural features) modelled as Linked Data or in any other formalism. Geoff&#13;\nis a generalization of the DLM Core schema and adopts the GeoSPARQL ontology. Geoff was initially developed to make these classifications available for&#13;\nOSi’s geospatial Linked Data as they facilitate the publications of more expressive models of spatial features. For example, to state that a church building (form)&#13;\nis now used as apartments (function). Geoff is now presented to the wider community for reuse and extension to meet their own needs. Geoff supports geospatial queries based on form and function and interlinking of geo-information datasets using different form and function code lists. The Geoff ontology follows&#13;\nLinked Data publishing best practice in terms of available metadata, documentation, and quality assurance.",,https://openalex.org/W3117847139,True,"publication_type:article, Geospatial analysis, Metadata, Computer science, Linked data, Ontology",0.2047,exact_ontology
geosparql.ttl,"""GeoSPARQL Ontology"" Geographic Information ontology",openalex,https://openalex.org/W4415719731,A Semantic Digital Twin-Driven Framework for Multi-Source Data Integration in Forest Fire Prediction and Response,"Jicao Dao, Yijing Huang, Xiaoyu Ju, Lizhong Yang, Xinlin Yang, Xiang Liao, Zhenjia Wang, Dapeng Ding",2025,Forests,2,"Forest fires have become increasingly frequent and severe due to climate change and intensified human activities, posing critical challenges to ecological security and emergency management. Despite the availability of abundant environmental, spatial, and operational data, these resources remain fragmented and heterogeneous, limiting the efficiency and accuracy of fire prediction and response. To address this challenge, this study proposes a Semantic Digital Twin-Driven Framework for integrating multi-source data and supporting forest fire prediction and response. The framework constructs a multi-ontology network that combines the Semantic Sensor Network (SSN) and Sensor, Observation, Sample, and Actuator (SOSA) ontologies for sensor and observation data, the GeoSPARQL ontology for geospatial representation, and two domain-specific ontologies for fire prevention and emergency response. Through systematic data mapping, instantiation, and rule-based reasoning, heterogeneous information is transformed into an interconnected knowledge graph. The framework supports both semantic querying (SPARQL) and rule-based reasoning (SWRL) to enable early risk alerts, resource allocation suggestions, and knowledge-based decision support. A case study in Sichuan Province demonstrates the framework’s effectiveness in integrating historical and live data streams, achieving consistent reasoning outcomes aligned with expert assessments, and improving decision timeliness by enhancing data interoperability and inference efficiency. This research contributes a foundational step toward building intelligent, interoperable, and reasoning-enabled digital forest systems for sustainable fire management and ecological resilience.",10.3390/f16111661,https://openalex.org/W4415719731,True,"publication_type:article, Computer science, Interoperability, Geospatial analysis, Ontology, Data integration",0.2043,exact_ontology
geosparql.ttl,"""GeoSPARQL Ontology"" ontology",openalex,https://openalex.org/W2767649808,Representing Ecological Network Specifications with Semantic Web Techniques,"Gianluca Torta, Liliana Ardissono, Luigi La Riccia, Adriano Savoca, Angioletta Voghera",2017,,6,"Ecological Networks (ENs) are a way to describe the structures of existing real ecosystems and to plan their expansion, conservation and improvement.In this work, we present a model to represent the specifications for the local planning of ENs in a way that can support reasoning, e.g., to detect violations within new proposals of expansion, or to reason about improvements of the networks.Moreover, we describe an OWL ontology for the representation of ENs themselves.In the context of knowledge engineering, ENs provide a complex, inherently geographic domain that demands for the expressive power of a language like OWL augmented with the GeoSPARQL ontology to be conveniently represented.More importantly, the set of specification rules that we consider (taken from the project for a local EN implementation) constitute a challenging problem for representing constraints over complex geographic domains, and evaluating whether a given large knowledge base satisfies or violates them.",10.5220/0006573500860097,https://openalex.org/W2767649808,True,"publication_type:article, Computer science, Ontology, Web Ontology Language, Ontology engineering, Context (archaeology)",0.1262,exact_ontology
gis4reno.ttl,"""GIS-based ontology for surrounding buildings to support building renovation"" ontology",openalex,https://openalex.org/W3032263777,GIS-based ontology for surrounding buildings to support building renovation,"Maryam Daneshfar, T. Hartmann, Jochen Rabe",2020,DepositOnce,0,"This research focuses on developing an ontology for representing knowledge about the surrounding environment of a building in an urban context, considering the geo-spatial objects and processes such as built environment, vegetation, population and so on. The ontology can be useful to create a knowledge management system for different experts involved in the process of the building renovation, to extend the in-formation and stretch the domain from the individual building to the environment. Knowledge about what entities and attributes to select is captured based on literature and investigating the pilot demonstration sites. Such an ontology can help to structure the surrounding data to support processes in different stages of the renovation. The final goal is to support planners in decision making process namely in site planning and pre-data collection phase, energy modelling, comfort analysis and so on to control cost and quality. Moreover, it can be valuable in further studies of integrating data of various sources for construction purposes.",10.14279/depositonce-10123,https://openalex.org/W3032263777,True,"publication_type:article, Architectural engineering, Ontology, Construction engineering, Environmental planning, Environmental resource management",0.6247,exact_ontology
hbpo.ttl,"""Holistic Building Performance Ontology"" ontology",openalex,https://openalex.org/W4409564048,Ontology for holistic building performance modeling and analysis,"Duygu Utkucu, Rafael Sacks",2025,Automation in Construction,6,"Building performance modeling and analysis using Building Information Modeling (BIM) platforms remains fragmented, requiring various software applications to address different disciplines. Challenges in data extraction, transfer, and integration arise due to inconsistencies in vendor-specific data schemas and limited interoperability. Moreover, OpenBIM data schemas lack comprehensive object definitions and semantics, compromising data integrity. While ontological frameworks have been proposed to address these issues, a unified ontology that integrates multiple performance disciplines has yet to be developed. This paper designed and developed a holistic building performance ontology (HBPO) focusing on acoustic, lighting, and energy domains as subsets to represent a range of sufficiently different domains. This ontology comprises 28 classes, 26 object properties, and 183 data properties, encapsulating essential information, data requirements, and object relationships within and across these domains. Additionally, a series of proof-of-concept experiments were conducted to test, demonstrate, validate, and evaluate the feasibility and applicability of the HBPO.",10.1016/j.autcon.2025.106197,https://openalex.org/W4409564048,True,"publication_type:article, Ontology, Computer science, Software engineering, Systems engineering, Knowledge management",0.4117,exact_ontology
hbpo.ttl,"""Holistic Building Performance Ontology"" ontology",openalex,https://openalex.org/W4384408051,Holistic building performance model with semantic web technologies,"Duygu Utkucu, Rafael Sacks",2023,Computing in construction,0,"Building Information Modelling (BIM) assured a collaborative workflow for the AEC disciplines; however, the current workflows especially in the building performance disciplines are still sequential, fragmented, and served by diverse software. One of the main reasons for that is the building performance domain has multiple native performance models and data schemas from a wide variety of simulation tools, which leads to incompatible, incomplete, or redundant information in the current performance analysis workflows. Consequently, a different workflow is needed in the building performance modeling discipline. This research focuses on a new paradigm that consists of a holistic ontological framework for building performance modeling with cloud and semantic web technologies, which is founded on a knowledge-graph-driven database management system.",10.35490/ec3.2023.334,https://openalex.org/W4384408051,True,"publication_type:article, Computer science, Workflow, Semantic Web, Variety (cybernetics), Cloud computing",0.3444,exact_ontology
hbpo.ttl,"""Holistic Building Performance Ontology"" ontology",openalex,https://openalex.org/W4383682587,Generation of acoustic ontology for a holistic building performance domain,"Duygu Utkucu, Rafael Sacks",2023,Computing in construction,1,"The building performance domain suffers from inaccurate, incomplete, or repeating information due to application-specific data structures, which leads to poor data integrity and interoperability. In particular, no building acoustic ontology with a generalized and integrated data structure has been published. This study aims to create a unified and generalized building acoustic ontology based on reverse engineering over acoustic software applications. The study is a starting point for design of a domain-specific ontology as a knowledge repository by serving the building acoustic performance principles in generalized conceptual modeling and linking semantics and object relations in a building information graph.",10.35490/ec3.2023.166,https://openalex.org/W4383682587,True,"publication_type:article, Ontology, Computer science, Interoperability, Domain (mathematical analysis), Semantics (computer science)",0.3332,exact_ontology
hmo.ttl,"""Historic Masonry Ontology"" ontology",openalex,https://openalex.org/W7132214266,Leveraging semantic web rule languages to define modeling assumptions for the structural analysis of unreinforced masonry buildings,"Leonardi, Maria Laura, Cursi, Stefano, Gigliarelli, Elena, Oliveira, Daniel V., Azenha, Miguel",2024,"Portuguese National Funding Agency for Science, Research and Technology (RCAAP Project by FCT)",0,"The seismic assessment of existing unreinforced masonry structures is particularly complex. Defining the correct modelling assumptions is essential when using global models to ensure valid results. Achieving this often requires the collaboration of a group of stakeholders with diverse backgrounds who can thoroughly study the structure under consideration. Field-collected data must then be compared with existing literature and regulations before proceeding to the computational model. This phase is particularly labourintensive, and errors, data loss, or duplication are common pitfalls. The advent of new digital data management methods can improve this methodology. Specifically, a linked data approach based on web ontology language can enhance interoperability between different research areas and enable the formal and comprehensive representation of data to facilitate informed decision-making. This article presents a new method based on linked data for defining modelling assumptions for analytical models used in the seismic analysis of existing unreinforced masonry buildings. Two complementary ontologies are proposed: the Historic Masonry Ontology and the Failure Masonry Ontology. The former defines the mechanical properties of masonry material, while the latter defines the most plausible collapse modes evidenced by earthquakes. In particular, this is achieved through Semantic Web Rules Language (SWRL), which interprets geometric and material data introduced into the ontology. The methodology is successfully applied in a real case study.",,https://openalex.org/W7132214266,True,"publication_type:article, Masonry, Computer science, Interoperability, Unreinforced masonry building, Ontology",0.2276,exact_ontology
hmo.ttl,"""Historic Masonry Ontology"" ontology",openalex,https://openalex.org/W4405822094,Leveraging semantic web rule languages to define modeling assumptions for the structural analysis of unreinforced masonry buildings,"Maria Laura Leonardi, Stefano Cursi, Elena Gigliarelli, Daniel V. Oliveira, Miguel Azenha",2024,Journal of Information Technology in Construction,2,"The seismic assessment of existing unreinforced masonry structures is particularly complex. Defining the correct modelling assumptions is essential when using global models to ensure valid results. Achieving this often requires the collaboration of a group of stakeholders with diverse backgrounds who can thoroughly study the structure under consideration. Field-collected data must then be compared with existing literature and regulations before proceeding to the computational model. This phase is particularly labour-intensive, and errors, data loss, or duplication are common pitfalls. The advent of new digital data management methods can improve this methodology. Specifically, a linked data approach based on web ontology language can enhance interoperability between different research areas and enable the formal and comprehensive representation of data to facilitate informed decision-making. This article presents a new method based on linked data for defining modelling assumptions for analytical models used in the seismic analysis of existing unreinforced masonry buildings. Two complementary ontologies are proposed: the Historic Masonry Ontology and the Failure Masonry Ontology. The former defines the mechanical properties of masonry material, while the latter defines the most plausible collapse modes evidenced by earthquakes. In particular, this is achieved through Semantic Web Rules Language (SWRL), which interprets geometric and material data introduced into the ontology. The methodology is successfully applied in a real case study.",10.36680/j.itcon.2024.047,https://openalex.org/W4405822094,True,"publication_type:article, Computer science, Masonry, Unreinforced masonry building, Engineering, Structural engineering",0.2275,exact_ontology
icdd2ams.ttl,DOI:10.1007/978-3-030-91877-4_127,doi_lookup,10.1007/978-3-030-91877-4_127,BIM-Based Organization of Inspection Data Using Semantic Web Technology for Infrastructure Asset Management,"Liu Liu, Philipp Hagedorn, Markus König",2022,Lecture Notes in Civil Engineering,4,,10.1007/978-3-030-91877-4_127,https://doi.org/10.1007/978-3-030-91877-4_127,False,publication_type:book-chapter,0.2382,exact_ontology
iot.ttl,"""IoT ontology"" ontology",openalex,https://openalex.org/W2586401762,Unified IoT ontology to enable interoperability and federation of testbeds,"Rachit Agarwal, David Gomez Fernandez, Tarek Elsaleh, Amélie Gyrard, Jorge Lanza, Luı́s Sánchez, Nikolaos Georgantas, Valérie Issarny",2016,,153,"After a thorough analysis of existing Internet of Things (IoT) related ontologies, in this paper we propose a solution that aims to achieve semantic interoperability among heterogeneous testbeds. Our model is framed within the EU H2020's FIESTA-IoT project, that aims to seamlessly support the federation of testbeds through the usage of semantic-based technologies. Our proposed model (ontology) takes inspiration from the well-known Noy et al. methodology for reusing and interconnecting existing ontologies. To build the ontology, we leverage a number of core concepts from various mainstream ontologies and taxonomies, such as Semantic Sensor Network (SSN), M3-lite (a lite version of M3 and also an outcome of this study), WGS84, IoT-lite, Time, and DUL. In addition, we also introduce a set of tools that aims to help external testbeds adapt their respective datasets to the developed ontology.",10.1109/wf-iot.2016.7845470,https://openalex.org/W2586401762,True,"publication_type:preprint, Computer science, Interoperability, Ontology, Semantic interoperability, Leverage (statistics)",0.2865,ontology_family
kpi.ttl,"""Key Performance Indicator ontology"" ontology",openalex,https://openalex.org/W7154818686,Continuous calculation of key performance indicators for buildings through an application layer connected to a knowledge graph,"Christian Schmid, Sergio (author) Acero Gonzalez, Sascha Stoller, Wolfram Willuhn, Emanuele Laurenzi, James Allan",2025,DORA Empa (Swiss Federal Laboratories for Materials Science and Technology (Empa)),0,"Building Energy Management Systems play a crucial role in monitoring and managing energy consumption in buildings, ensuring efficient operation and alignment with performance expectations. This paper proposes an approach comprised of an application layer that interacts with semantic technologies to calculate and analyze energy performance indicators for building energy performance monitoring. This work explores how the formal, yet flexible structure of semantic technologies can be harnessed to manage complex performance calculations efficiently and interoperable across diverse data sources. A proof-of-concept implementation demonstrates how the application layer and ontology work together to serve the calculation of energy performance indicators. These functional components are part of a modular framework designed to process inputs from data instances that are semantically linked to established domain ontologies. In this case, the Brick ontology is referenced. The application layer consists of a collection of scripts that provide instructions to handle data processing and integration of performance indicators into the knowledge graph. The aim is to minimize the amount of information needed to calculate performance indicators from a knowledge graph. Our approach supports energy performance monitoring and provides a framework to enable alignment of calculations with standards and policies, which could offer significant value to organizations and stakeholders involved in building energy management. By demonstrating how semantic technologies enable effective and interoperable energy performance monitoring, we provide a foundation for advancing sustainable building practices at scale.",,https://openalex.org/W7154818686,True,"publication_type:article, Interoperability, Computer science, Ontology, Efficient energy use, Performance indicator",0.2467,exact_ontology
kpi.ttl,"""Key Performance Indicator ontology"" ontology",openalex,https://openalex.org/W2906464847,Enhancing energy management at district and building levels via an EM-KPI ontology,"Yehong Li, Raúl García‐Castro, Nandana Mihindukulasooriya, James O’Donnell, Sergio Vega-Sánchez",2018,Automation in Construction,49,,10.1016/j.autcon.2018.12.010,https://openalex.org/W2906464847,True,"publication_type:article, Interoperability, Ontology, Performance indicator, Computer science, Key (lock)",0.225,exact_ontology
mat.ttl,"""Material properties ontology"" ontology",openalex,https://openalex.org/W4405822094,Leveraging semantic web rule languages to define modeling assumptions for the structural analysis of unreinforced masonry buildings,"Maria Laura Leonardi, Stefano Cursi, Elena Gigliarelli, Daniel V. Oliveira, Miguel Azenha",2024,Journal of Information Technology in Construction,2,"The seismic assessment of existing unreinforced masonry structures is particularly complex. Defining the correct modelling assumptions is essential when using global models to ensure valid results. Achieving this often requires the collaboration of a group of stakeholders with diverse backgrounds who can thoroughly study the structure under consideration. Field-collected data must then be compared with existing literature and regulations before proceeding to the computational model. This phase is particularly labour-intensive, and errors, data loss, or duplication are common pitfalls. The advent of new digital data management methods can improve this methodology. Specifically, a linked data approach based on web ontology language can enhance interoperability between different research areas and enable the formal and comprehensive representation of data to facilitate informed decision-making. This article presents a new method based on linked data for defining modelling assumptions for analytical models used in the seismic analysis of existing unreinforced masonry buildings. Two complementary ontologies are proposed: the Historic Masonry Ontology and the Failure Masonry Ontology. The former defines the mechanical properties of masonry material, while the latter defines the most plausible collapse modes evidenced by earthquakes. In particular, this is achieved through Semantic Web Rules Language (SWRL), which interprets geometric and material data introduced into the ontology. The methodology is successfully applied in a real case study.",10.36680/j.itcon.2024.047,https://openalex.org/W4405822094,True,"publication_type:article, Computer science, Masonry, Unreinforced masonry building, Engineering, Structural engineering",0.2065,exact_ontology
mns.ttl,DOI:10.35490/EC3.2025.439,doi_lookup,10.35490/ec3.2025.439,BIM Knowledge in Context: Linked (Meta)Data Towards Machine-interpretable Standards,"Arghavan Akbarieh Arghavan Akbarieh, Goran Sibenik Goran Sibenik, Marzia Bolpagni Marzia Bolpagni",2025,Computing in Construction,0,,10.35490/ec3.2025.439,https://doi.org/10.35490/ec3.2025.439,False,publication_type:proceedings-article,0.2086,exact_ontology
ocqa.ttl,"""OCQA"" ontology",openalex,https://openalex.org/W2337737047,Expressive Completeness of Existential Rule Languages for Ontology-based Query Answering,"Heng Zhang, Yan Zhang, Jia-Huai You",2016,arXiv (Cornell University),6,"Existential rules, also known as data dependencies in Databases, have been recently rediscovered as a promising family of languages for Ontology-based Query Answering. In this paper, we prove that disjunctive embedded dependencies exactly capture the class of recursively enumerable ontologies in Ontology-based Conjunctive Query Answering (OCQA). Our expressive completeness result does not rely on any built-in linear order on the database. To establish the expressive completeness, we introduce a novel semantic definition for OCQA ontologies. We also show that neither the class of disjunctive tuple-generating dependencies nor the class of embedded dependencies is expressively complete for recursively enumerable OCQA ontologies.",10.48550/arxiv.1604.05006,https://openalex.org/W2337737047,True,"publication_type:preprint, Conjunctive query, Computer science, Completeness (order theory), Ontology, Tuple",0.1864,exact_ontology
ofo.ttl,"""Occupant Feedback Ontology"" ontology",openalex,https://openalex.org/W4405142838,Personal indoor comfort models through knowledge discovery in cross-domain semantic digital twins,"Alex Donkers, Dujuan Yang, Bauke de Vries, Nico Baken",2024,Building and Environment,11,"Methods to assess the performance of a building have been developed for decades, however, many buildings still do not satisfy their occupants in their indoor comfort preferences. This paper presents methods to generate insights from semantic digital twins on the perceived comfort levels of individuals to tighten the as-designed and as-perceived building performance gap. This paper first reviews existing personal indoor comfort models and shares state-of-the-art semantic web technologies in this domain. The paper then presents a generic framework to integrate heterogeneous data into knowledge graphs and use them in data mining processes. This framework is then applied to a case study in the Vertigo building in Eindhoven, The Netherlands. A wide range of information is collected, including building information models, indoor and outdoor sensor data, personal information, and feedback on indoor environmental quality. The integrated data are then used to create personal comfort models. First, multinomial logistic regression models are used to predict future dissatisfaction, after which a latent class analysis created cohorts of people with similar indoor comfort preferences. The results are stored back into the knowledge graph, after which they could be used in other applications, such as to perform occupant-centric control of systems. The methods presented in this paper are summarized in a generic framework that can be used and extended to other domains that aim to combine data integration and data mining.",10.1016/j.buildenv.2024.112433,https://openalex.org/W4405142838,True,"publication_type:article, Computer science, Domain knowledge, Domain (mathematical analysis), Human–computer interaction, Data science",0.2046,exact_ontology
omg.ttl,"""http://w3id.org/omg""",openalex,https://openalex.org/W3013345547,Including widespread geometry schemas into Linked Data-based BIM applied to built heritage,"Mathias Bonduel, Anna Wagner, Pieter Pauwels, Maarten Vergauwen, Ralf Klein",2019,Proceedings of the Institution of Civil Engineers - Smart Infrastructure and Construction,9,"A reliable data exchange – often including geometry-related data – between stakeholders is crucial in construction projects. In this regard, data exchange frameworks built on Linked Data principles are very promising for combining disparate data sets. However, existing proposals to combine geometry and Linked Data either demand dedicated applications or support only a limited number of common geometry schemas. If any existing geometry schema could be used in a Linked Data context, error-prone geometry conversions are avoided and stakeholders do not need to invest in new geometry engines. In this paper, the applicability of Resource Description Framework (RDF) literals for including a wide variety of existing geometry schemas is studied and applied in a built heritage context. The uniform linking pattern and related terminology of the Ontology for Managing Geometry are used to implement this approach. Subsequently, the File Ontology for Geometry formats and Geometry Metadata Ontology are developed to ease the reuse of linked geometry descriptions. The effectiveness of the entire data structure is demonstrated in a built heritage case study project. The receiving party is able to create successfully a coordinated view – using a demo web application – on shared, but disparate, RDF data sets containing geometry descriptions.",10.1680/jsmic.19.00014,https://openalex.org/W3013345547,True,"publication_type:article, Computer science, Terminology, Geometry, Ontology, Context (archaeology)",0.234,exact_ontology
onem2m.ttl,"""onem2m"" ontology",openalex,https://openalex.org/W2207118533,Toward semantic interoperability in oneM2M architecture,"Mahdi Ben Alaya, Samir Medjiah, Thierry Monteil, Khalil Drira",2015,IEEE Communications Magazine,107,"The oneM2M standard is a global initiative led jointly by major standards organizations around the world in order to develop a unique architecture for M2M communications. Prior standards, and also oneM2M, while focusing on achieving interoperability at the communication level, do not achieve interoperability at the semantic level. An expressive ontology for IoT called IoT-O is proposed, making best use of already defined ontologies in specific domains such as sensor, observation, service, quantity kind, units, or time. IoT-O also defines some missing concepts relevant for IoT such as thing, node, actuator, and actuation. The extension of the oneM2M standard to support semantic data interoperability based on IoT-O is discussed. Finally, through comprehensive use cases, benefits of the extended standard are demonstrated, ranging from heterogeneous device interoperability to autonomic behavior achieved by automated reasoning.",10.1109/mcom.2015.7355582,https://openalex.org/W2207118533,False,"publication_type:article, Interoperability, Computer science, Semantic interoperability, Ontology, Semantic Web",0.2562,exact_ontology
onem2m.ttl,"""onem2m"" ontology",openalex,https://openalex.org/W2901822845,Ontology-driven Device Descriptions for IoT Network Management,"Kristina Sahlmann, Thomas Scheffler, Bettina Schnor",2018,,16,"One particular challenge in the Internet of Things is the management of many heterogeneous things. The things are typically constrained devices with limited memory, power, network and processing capacity. Configuring every device manually is a tedious task. We propose an interoperable way to configure an IoT network automatically using existing standards. The proposed NETCONF-MQTT bridge intermediates between the constrained devices (speaking MQTT) and the network management standard NETCONF. The NETCONF-MQTT bridge generates dynamically YANG data models from the semantic description of the device capabilities based on the oneM2M ontology. We evaluate the approach for two use cases, i.e. describing an actuator and a sensor scenario.",10.1109/giots.2018.8534569,https://openalex.org/W2901822845,False,"publication_type:article, MQTT, Computer science, Interoperability, Ontology, Network management",0.2478,exact_ontology
onem2m.ttl,"""oneM2M Base Ontology"" IoT Sensors/Actuators ontology",openalex,https://openalex.org/W3151285204,Semantic Interoperability between IEC 61850 and oneM2M for IoT-Enabled Smart Grids,Salvatore Cavalieri,2021,Sensors,22,"In the era of Industry 4.0, pervasive adoption of communication technologies based on the Internet of Things represents a very strong requirement in several domains. In the smart grid domain, there is the need to overcome one of the main limitations of the current electric grid, allowing the use of heterogeneous devices capable of measuring, monitoring and exchanging information about grid components. For this reason, current literature often presents research activities about enabling internet of things (IoT) in smart grids; in particular, several proposals aim to realize interworking between IoT and smart grid communication standards, allowing exchange of information between IoT devices and the electrical grid components. Semantic interoperability should be achieved in an interworking solution in order to provide a common meaning of the data exchanged by heterogeneous devices, even if they belong to different domains. Until now, semantic interoperability remains an open challenge in the smart grid field. The paper aims to propose a novel solution of interworking between two of the most used communication systems in smart grids and IoT domains, i.e., IEC 61850 and oneM2M, respectively. A semantic interoperability solution is also proposed to be used in the interworking scheme here presented.",10.3390/s21072571,https://openalex.org/W3151285204,True,"publication_type:article, Interoperability, IEC 61850, Computer science, Smart grid, Semantic interoperability",0.2312,exact_ontology
onem2m.ttl,"""oneM2M Base Ontology"" ontology",openalex,https://openalex.org/W2801038921,A cloud-IoT model for reconfigurable radio sensing: The Radio.Sense platform,"Stefano Savazzi, Stephan Sigg, Monica Nicoli, Sanaz Kianoush, Franck Le Gall, Hamza Baqa, D. Remon",2018,,3,"In this paper we elaborate on the challenges that emerge when designing open IoT models and methods to enable passive “radio vision” functions within a cloud Platform-as-a-Service (PaaS) environment. Radio vision allows to passively detect and track any moving/fixed object or people, by using radio waves as probe signals that encode a 2D/3D view of the environment they propagate through. View reconstruction from the received radio signals is based on data analytic tools, that combine multiple radio measurements from possibly heterogeneous IoT networks. The goal of the study is to define the baseline specifications that are necessary to integrate this new technology into a cloud-IoT architecture. Following emerging semantic interoperability concepts, we propose an expressive ontology model to represent the radio vision concept and allow for interoperability with other systems. For accelerated integration of radio vision functions the open Radio.Sense platform is designed as compliant with existing models (oneM2M based ontologies).",10.1109/wf-iot.2018.8355098,https://openalex.org/W2801038921,True,"publication_type:article, Cloud computing, Computer science, Internet of Things, Sense (electronics), Radio frequency",0.2057,exact_ontology
ph.ttl,"""Project Haystack"" ontology",openalex,https://openalex.org/W4280536417,Comparison of Brick and Project Haystack to Support Smart Building Applications,"Caroline Quinn, J. J. McArthur",2022,arXiv (Cornell University),2,"Enabling buildings with Smart Building applications will help to achieve the ongoing efficient commissioning of buildings, ultimately attaining peak performance in energy use and improved occupant health and comfort, at minimum cost. For these technologies to be scalable data ontology must be adopted to semantically represent data generated by building mechanical systems, acting as conduit for connection to Smart Building applications. The viability of Brick and Project Haystack ontologies, as found by industry and academia, prompted a quantitative comparison of completeness and expressiveness using a case study with an industry ontology as the baseline. Additionally, a qualitative comparison was completed using key ontology qualities outlined in literature. A recommendation of Brick is made based on results. Brick achieved higher assessment values in completeness and expressiveness achieving 59% and 100% respectively, as compared to Haystacks 43% and 96%. Additionally, Brick exhibited five of six desirable qualities, where Haystack exhibited only three. The recommendation of the appropriate ontology forms the basis for longer-term Smart Building application development, which will support innovative approaches to sustainability in building operations across scale, as well as next-generation building controls and automation strategies.",10.48550/arxiv.2205.05521,https://openalex.org/W4280536417,True,"publication_type:preprint, Haystack, Ontology, Brick, Building automation, Computer science",0.274,exact_ontology
ph.ttl,"""Project Haystack"" ontology",openalex,https://openalex.org/W3089114682,Formalizing Tag-Based Metadata With the Brick Ontology,"Gabe Fierro, Jason Koh, Shreyas Nagare, Xiaolin Zang, Yuvraj Agarwal, Rajesh K. Gupta, David Culler",2020,Frontiers in Built Environment,16,"Current efforts establishing semantic metadata standards for the built environment span academia, industry and standards bodies. For these standards to be effective, they must be clearly defined and easily extensible, encourage consistency in their usage, and integrate cleanly with existing industrial standards, such as BACnet. There is a natural tension between informal tag-based systems that rely upon idiom and convention for meaning, and formal ontologies amenable to automated tooling. We present a qualitative analysis of Project Haystack, a popular tagging system for building metadata, and identify a family of inherent interpretability and consistency issues in the tagging model that stem from its lack of a formal definition. To address these issues, we present the design and implementation of the Brick+ ontology, a drop-in replacement for Brick with clear formal semantics that enables the inference of a valid Brick model from an informal Haystack model, and demonstrate this inference across five Haystack models.",10.3389/fbuil.2020.558034,https://openalex.org/W3089114682,True,"publication_type:article, Haystack, Metadata, Computer science, Ontology, Consistency (knowledge bases)",0.2491,exact_ontology
ph.ttl,"""Project Haystack"" ontology",openalex,https://openalex.org/W2203874049,An ontology design pattern for IoT device tagging systems,"Victor Charpenay, Sebastian Käbisch, Darko Anicic, Harald Kosch",2015,,37,"Modeling devices has become a crucial task in the Internet of Things (IoT) and Semantic Web technologies are seen as a promising tool for this purpose. However, as it may be arduous to manipulate semantic models, industrial solutions often re-define non-standard, simplified semantics. This is the case with Project Haystack, a framework to tag devices with labels from a predefined vocabulary in the field of Building Automation. In order to make Project Haystack standard and fully semantic, we wrapped its vocabulary in an ontology. In this paper, we present the general structure of this ontology, along with a method to turn tag sets into a Semantic Web model and back. The whole results in a reusable ontology design pattern. We aligned our Haystack tagging ontology with the wide-spreaded Semantic Sensor Network upper ontology and we designed a configuration environment for Building Automation systems based on semantic data to illustrate, so as to discuss the added-value of semantics in automation.",10.1109/iot.2015.7356558,https://openalex.org/W2203874049,False,"publication_type:article, Haystack, Computer science, Ontology, OWL-S, Semantic Web Stack",0.2454,exact_ontology
ph.ttl,"""Project Haystack"" ontology",openalex,https://openalex.org/W3108624153,Shepherding Metadata Through the Building Lifecycle,"Gabe Fierro, Anand Krishnan Prakash, Cory Mosiman, Marco Pritoni, Paul Raftery, Michael Wetter, David Culler",2020,,25,"Many different digital representations of a building are produced over the course of its lifecycle. These representations contain the metadata required to support different stages of the building, from initial planning and design, to construction and commissioning, through operations, audits, retrofits and maintenance. However, because of differences in the semantics, structure and syntax of these representations, the metadata they contain is not interoperable. We present a novel method for leveraging these representations to create a unified, authoritative Brick metadata model for a building that can be continually maintained over the course of the building lifecycle. A simple synchronization protocol relays inferred Brick metadata from existing metadata sources such as gbXML, BuildingSync, Project Haystack and Modelica to a central integration server, which merges the metadata into a valid Brick model.",10.1145/3408308.3427627,https://openalex.org/W3108624153,True,"publication_type:article, Metadata, Computer science, Meta Data Services, Interoperability, Metadata modeling",0.2073,exact_ontology
process.ttl,"""Process Ontology"" Production (Process) ontology",openalex,https://openalex.org/W2112979142,An Ontology Framework for Semantic Business Process Management,"Martin Hepp, Dumitru Roman",2007,Journal of the Association for Information Systems,200,"A core challenge in Business Process Management is the continuous, bi-directional translation between (1) a business requirements view on the process space of an enterprise and (2) the actual process space of this enterprise, constituted by the multiplicity of IT systems, resources, and human labor.Semantic Business Process Management (SBPM) [HeLD'05] 1 is a novel approach of increasing the level of automation in the translation between these two spheres, and is currently driven by major players from the ERP, BPM, and Semantic Web Services domain, namely SAP 2 .One core paradigm of SPBM is to represent the two spheres and their parts using ontology languages and to employ machine reasoning for the automated or semi-automated translation.In this paper, we (1) outline the representational requirements of SBPM, (2) propose a set of ontologies and formalisms, and (3) define the scope of these ontologies by giving competency questions, which is a common technique in the ontology engineering process.",,https://openalex.org/W2112979142,True,"publication_type:article, Computer science, Business process management, Ontology, Software engineering, Semantic Web",0.2665,exact_ontology
process.ttl,"""Process Ontology"" Production (Process) ontology",openalex,https://openalex.org/W2011562771,Bringing Semantics to Web Services with OWL-S,"David Martín, Mark Burstein, Drew McDermott, Sheila A. McIlraith, Massimo Paolucci, Katia Sycara, Deborah L. McGuinness, Evren Sirin, Naveen Srinivasan",2007,World Wide Web,502,"Current industry standards for describing Web Services focus on ensuring interoperability across diverse platforms, but do not provide a good foundation for automating the use of Web Services. Representational techniques being developed for the Semantic Web can be used to augment these standards. The resulting Web Service specifications enable the development of software programs that can interpret descriptions of unfamiliar Web Services and then employ those services to satisfy user goals. OWL-S (“OWL for Services”) is a set of notations for expressing such specifications, based on the Semantic Web ontology language OWL. It consists of three interrelated parts: a profile ontology, used to describe what the service does; a process ontology and corresponding presentation syntax, used to describe how the service is used; and a grounding ontology, used to describe how to interact with the service. OWL-S can be used to automate a variety of service-related activities involving service discovery, interoperation, and composition. A large body of research on OWL-S has led to the creation of many open-source tools for developing, reasoning about, and dynamically utilizing Web Services.",10.1007/s11280-007-0033-x,https://openalex.org/W2011562771,True,"publication_type:article, Computer science, OWL-S, Web service, World Wide Web, Web standards",0.1658,exact_ontology
process.ttl,"""Process Ontology"" ontology",openalex,https://openalex.org/W331566380,Grounding Software Domain Ontologies in the Unified Foundational Ontology (UFO): The case of the ODE Software Process Ontology.,"Giancarlo Guizzardi, Ricardo de Almeida Falbo, Renata S. S. Guizzardi",2008,,172,"Abstract. Foundational Ontologies are theoretically well-founded domain-independent systems of categories that have been successfully used to improve the quality of conceptual modeling languages and models. In this paper, we pre-sent the latest developments in the UFO ontology. Moreover, we elaborate on the relevance of these foundational ontologies in the development of domain ontologies by showing a case study in the software process domain.",,https://openalex.org/W331566380,False,"publication_type:article, Ontology, Computer science, Process ontology, Software engineering, IDEF5",0.1494,exact_ontology
process.ttl,"""Process Ontology"" Production (Process) ontology",openalex,https://openalex.org/W2206429962,Process Ontology Specification for Enhancing the Process Compliance of a Measurement and Evaluation Strategy,"Pablo Becker, Fernanda Papa, Luis Olsina",2015,CLEI electronic journal,40,"In this paper, we specify a generic ontology for the process domain considering the related state-of-the-art research literature. As a result, the recently built process ontology contributes to enrich semantically the terms for the (previously developed) measurement and evaluation domain ontology by means of stereotypes. One of the underlying hypothesis in this research is that the generic ontology for process can be seen as a reusable artifact which can be used to enrich semantically not only the measurement and evaluation domain ontology but also to other domains involved in different organizational endeavors. For instance, for the measurement domain, now is explicit that the measurement term has the semantic of task, the measure term has the meaning of outcome, and the metric term has the semantic of method, from the process terminological base standpoint. The augmented conceptual framework, i.e. measurement and evaluation concepts plus process concepts, has also a positive impact on the GOCAME (Goal-Oriented Context-Aware Measurement and Evaluation) strategy capabilities since ensures terminological uniformity, consistency and verifiability to its process and method specifications. In order to illustrate how the augmented conceptual framework impacts on the verifiability of GOCAME process and method specifications in addition to the consistency and comparability of results in measurement and evaluation projects, an ICT (Information and Communications Technology) security and risk evaluation case study is used.",10.19153/cleiej.18.1.2,https://openalex.org/W2206429962,True,"publication_type:article, Computer science, Ontology, Process (computing), Consistency (knowledge bases), Domain (mathematical analysis)",0.1468,exact_ontology
process.ttl,"""Process Ontology"" Production (Process) ontology",openalex,https://openalex.org/W2337449199,Is there leadership in a fluid world? Exploring the ongoing production of direction in organizing,Lucia Crevani,2015,Leadership,123,"Although the idea of leadership being a process is clearly stated in leadership definitions, most researchers focus on individuals rather than observing and studying processes. This contradiction has been highlighted by a number of scholars turning to leadership processes and practices, thereby drawing attention to the interactional and social aspects of the phenomenon. Such contributions mostly take process perspectives in which entities still play an important role. In this article, I therefore aim at contributing to leadership studies based on a process ontology by exploring one central aspect of leadership work, the production of direction, processually. I do so by building on geographer Massey’s conception of space, thus adding a spatial dimension that enables me to conceptualize direction as the development of an evolving relational configuration. In order to empirically explore such a conceptualization, two constructs are proposed: the construction of positions and the construction of issues. The reading of leadership work thus produced leads me to suggest ‘clearing for action’ as a means of conveying the spatio-temporal and constructive (reality constructing) character of leadership work.",10.1177/1742715015616667,https://openalex.org/W2337449199,True,"publication_type:article, Conceptualization, Sociology, Epistemology, Shared leadership, Leadership studies",0.1251,exact_ontology
process.ttl,"""Process Ontology"" Production (Process) ontology",openalex,https://openalex.org/W3009618212,From nouns to verbs: How process ontologies enhance our understanding of social‐ecological systems understood as complex adaptive systems,"Tilman Hertz, María Mancilla García, Maja Schlüter‬",2020,People and Nature,94,"Abstract Research on social‐ecological systems (SES) has highlighted their complex and adaptive character and pointed to the importance of recognizing their intertwined nature. Yet, we often base our analysis and governance of SES on static and independent objects, such as actors and resources which are not well suited to address complexity and intertwinedness. This bias, which is largely implicit, has its roots in substance ontologies that have influenced most of contemporary science. This paper argues that it is useful to critically reflect on this ontological grounding and develop SES research from a process ontological perspective. Key insights are that process ontological concepts such as process, event and possibility space are able to overcome the dichotomy between the social and the ecological and allow for a conceptualization of continuous change (dynamism) that enhances our understanding of SES as truly intertwined and complex systems. This will enable SES researchers to conceptualize problems as well as corresponding solutions in novel ways which will ultimately support the development of novel governance approaches, from rethinking the aims of policies from managing people towards managing relations between and among people and the natural system. To fully tap the potential which comes with a change in worldview towards a process ontology, changing research approaches and ways of abstracting are required.",10.1002/pan3.10079,https://openalex.org/W3009618212,True,"publication_type:article, Conceptualization, Process (computing), Dynamism, Ontology, Computer science",0.1059,exact_ontology
process.ttl,"""Process Ontology"" ontology",openalex,https://openalex.org/W2020490061,Ontology Evolution: Not the Same as Schema Evolution,"Natalya F. Noy, Michel Klein",2004,Knowledge and Information Systems,522,,10.1007/s10115-003-0137-2,https://openalex.org/W2020490061,True,"publication_type:article, Computer science, Schema evolution, Ontology, Process ontology, Ontology components",0.09,exact_ontology
quality.ttl,"""Quality Ontology"" ontology",openalex,https://openalex.org/W2149040964,A semiotic metrics suite for assessing the quality of ontologies,"Andrew Burton‐Jones, Veda C. Storey, Vijayan Sugumaran, Punit Ahluwalia",2004,Data & Knowledge Engineering,323,,10.1016/j.datak.2004.11.010,https://openalex.org/W2149040964,False,"publication_type:article, Computer science, Ontology, Suite, Operationalization, Information retrieval",0.1164,exact_ontology
reno-inst.ttl,"""Reno-Inst Ontology"" ontology",openalex,https://openalex.org/W4243592588,Reno-Inst: An ontology to support renovation projects planning and renovation products installation,"Jerson Alexis Pinzon Amorocho, T. Hartmann",2021,Advanced Engineering Informatics,29,"While the use of semantic models has been explored in different areas of the Architecture, Engineering and Construction (AEC) industry to map and formalize knowledge and support different tasks, building renovation seems to be a neglected area in this field. Therefore, this paper presents the Renovation-Installation (Reno-Inst) ontology, which maps knowledge from the renovation domain considering different requirements, constraints, and other elements related to the installation of common renovation products such as windows, thermal insulation panels, and heat radiators. The development of the Reno-Inst ontology relies on an approach combining input from experts and knowledge from related engineering documents. The verification and validation process includes a content evaluation workshop with experts, a verification design stage, and the analysis and implementation of a real case study. The paper provides another example of the power of ontologies as a method for mapping and representing knowledge, gathering, and retrieving relevant information. Particularly, renovation projects encounter diverse challenges that lead to cost and schedule overruns, making their performance typically low. Therefore, the proposed Reno-Inst ontology provides a basis from which new applications can be developed, tested, and deployed to support improvements in the building renovation field, especially in the planning and execution of renovation activities.",10.1016/j.aei.2021.101415,https://openalex.org/W4243592588,True,"publication_type:article, Ontology, Schedule, Field (mathematics), Process (computing), Domain (mathematical analysis)",0.3072,exact_ontology
reno-inst.ttl,"""Reno-Inst Ontology"" ontology",openalex,https://openalex.org/W3200125924,Reno-Inst: An ontology to support renovation projects planning and renovation products installation,"Jerson Alexis Pinzon Amorocho, T. Hartmann",2021,DepositOnce,1,"While the use of semantic models has been explored in different areas of the Architecture, Engineering and Construction (AEC) industry to map and formalize knowledge and support different tasks, building renovation seems to be a neglected area in this field. Therefore, this paper presents the Renovation-Installation (Reno-Inst) ontology, which maps knowledge from the renovation domain considering different requirements, constraints, and other elements related to the installation of common renovation products such as windows, thermal insulation panels, and heat radiators. The development of the Reno-Inst ontology relies on an approach combining input from experts and knowledge from related engineering documents. The verification and validation process includes a content evaluation workshop with experts, a verification design stage, and the analysis and implementation of a real case study. The paper provides another example of the power of ontologies as a method for mapping and representing knowledge, gathering, and retrieving relevant information. Particularly, renovation projects encounter diverse challenges that lead to cost and schedule overruns, making their performance typically low. Therefore, the proposed Reno-Inst ontology provides a basis from which new applications can be developed, tested, and deployed to support improvements in the building renovation field, especially in the planning and execution of renovation activities.",10.14279/depositonce-12721,https://openalex.org/W3200125924,True,"publication_type:article, Ontology, Schedule, Field (mathematics), Domain (mathematical analysis), Process (computing)",0.3072,exact_ontology
reno-inst.ttl,"""Reno-Inst Ontology"" ontology",openalex,https://openalex.org/W4286920326,Reno-Inst: An ontology to support renovation projects planning and renovation products installation,"Jerson Alexis Pinzon Amorocho, T. Hartmann",2021,Zenodo (CERN European Organization for Nuclear Research),0,"While the use of semantic models has been explored in different areas of the Architecture, Engineering and Construction (AEC) industry to map and formalize knowledge and support different tasks, building renovation seems to be a neglected area in this field. Therefore, this paper presents the Renovation-Installation (Reno-Inst) ontology, which maps knowledge from the renovation domain considering different requirements, constraints, and other elements related to the installation of common renovation products such as windows, thermal insulation panels, and heat radiators. The development of the Reno-Inst ontology relies on an approach combining input from experts and knowledge from related engineering documents. The verification and validation process includes a content evaluation workshop with experts, a verification design stage, and the analysis and implementation of a real case study. The paper provides another example of the power of ontologies as a method for mapping and representing knowledge, gathering, and retrieving relevant information. Particularly, renovation projects encounter diverse challenges that lead to cost and schedule overruns, making their performance typically low. Therefore, the proposed Reno-Inst ontology provides a basis from which new applications can be developed, tested, and deployed to support improvements in the building renovation field, especially in the planning and execution of renovation activities.",10.5281/zenodo.5604214,https://openalex.org/W4286920326,True,"publication_type:article, Engineering, Ontology, Architectural engineering, Construction engineering, Computer science",0.3072,exact_ontology
reno-inst.ttl,"""Reno-Inst Ontology"" ontology",openalex,https://openalex.org/W3104325257,BIM-SPEED D2.2 BIM Family ontologies,"Jerson Alexis Pinzon Amorocho, T. Hartmann",2020,DepositOnce,0,"This research includes three ontological models covering different knowledge from the renovation projects field. The three ontologies comprise: the Reno-Inst Ontology: An ontology for installation of components in building renovation projects, LCA-C Ontology: An ontology for LCA/LCC assessments in renovation projects, and BEM-Reno Ontology: An ontology for BEM development in renovation projects. The ontologies aim at mapping a complete and minimal set of information required to support diverse tasks involved in specific renovation workflows related to planning activities, LCA/C assessments, and the development of building energy models for renovation. These ontological models can support the development of a shared understanding of the domains they represent and the development of future tools to automate and facilitate the collection, retrieval and inference of information, enhancing the performance of multiple building renovation activities.",10.14279/depositonce-10630.2,https://openalex.org/W3104325257,True,"publication_type:article, Computer science",0.2129,exact_ontology
resource.ttl,"""Resource ontology"" Resources ontology",openalex,https://openalex.org/W1513613316,Library resources semantization based on resource ontology,"F. Yu, Junping Qiu, Wen Lou",2014,The Electronic Library,4,"Purpose – This paper aims to solve the disadvantages of content-based domain ontology (CBDO) and metadata-based domain ontology (MDO) and improve organization and discovery efficiency of library resources by resource ontology (RO). Design/methodology/approach – The paper constructed an RO model. Methods of informetrics are utilized to reveal semantic relationships among library resources. Methods of ontology, ontology-relational database mapping (O-R mapping) and relational database modelling are utilized to construct RO. Take author co-occurrence for example, the paper demonstrated the capability of RO model. Findings – RO not only revealed the deep-level semantic relationships of metadata of library resources but also realized totally computer-automated processing. RO improved the efficiency of knowledge organization and discovery. Research limitations/implications – Semantic relationships revealed by RO are limited to simple metadata, which makes it difficult to reveal fine-grained semantic relationships. Ongoing research focuses on the revelation of semantic relationships based on the title and abstract. Practical implications – The paper includes implications for utilizing methods of Informetrics to construct ontology. Originality/value – This paper proposed a standardized process of ontology construction in library resources. It may be of potential interest for anyone who needs to effectively organize library resources.",10.1108/el-05-2012-0056,https://openalex.org/W1513613316,False,"publication_type:article, Ontology, Computer science, Metadata, Upper ontology, Information retrieval",0.2799,exact_ontology
resource.ttl,"""Resource ontology"" Resources ontology",openalex,https://openalex.org/W2098107096,A general Sensor Web Resource Ontology for atmospheric observation,"Chao Wang, Nengcheng Chen, Chuli Hu, Songhua Yan, Wei Wang",2011,,9,"The Sensor Web is a coordinated observation infrastructure composed of distributed resources that can behave as a single, autonomous, task-able, reconfigurable observing system that provides observed and derived data along with the associated metadata by using a set of standards-based service oriented interfaces. But these resources, including sensor, data, platform etc., with different characteristics are hard to be fused well. This paper analyzes concepts of various types of sensor web resources for atmospheric observing, focusing on how to access different types of resources expediently, abstract essential features of these sensor web resources, and construct a Sensor Web Resources Ontology for Atmospheric Observation (SWRO-AO) represented by Web Ontology Language. The SWRO-AO could serve as a knowledge repository of sensor web resources for the research and application community in atmospheric science.",10.1109/igarss.2011.6049959,https://openalex.org/W2098107096,False,"publication_type:article, Sensor web, Ontology, Computer science, Metadata, Web resource",0.2524,exact_ontology
resource.ttl,"""Resource ontology"" ontology",openalex,https://openalex.org/W2106377821,A generic enterprise resource ontology,"Fadi G. Fadel, Mark S. Fox, Michael Grüninger",2002,,80,"The complexity of planning and scheduling is determined by the degree to which activities contend for resources. Accordingly this requires any application to have the ability to reason about the nature of the resource and its availability. This paper presents a generic enterprise resource ontology. The ontology described in this paper is one of many that is being created by the TOVE project in the Enterprise Integration Laboratory at the University of Toronto.< <ETX xmlns:mml=""http://www.w3.org/1998/Math/MathML"" xmlns:xlink=""http://www.w3.org/1999/xlink"">&gt;</ETX>",10.1109/enabl.1994.330496,https://openalex.org/W2106377821,False,"publication_type:article, Ontology, Computer science, Resource (disambiguation), Knowledge management, World Wide Web",0.2097,exact_ontology
resource.ttl,"""Resource ontology"" Resources ontology",openalex,https://openalex.org/W4313051060,Research on personalized recommendation of MOOC resources based on ontology,"Yuanmin Li, Dexin Chen, Zehui Zhan",2022,Interactive Technology and Smart Education,18,"Purpose The purpose of this study is to analyze from multiple perspectives, so as to form an effective massive open online course (MOOC)personalized recommendation method to help learners efficiently obtain MOOC resources. Design/methodology/approach This study introduced ontology construction technology and a new semantic association algorithm to form a new MOOC resource personalized recommendation idea. On the one hand, by constructing a learner model and a MOOC resource ontology model, based on the learner’s characteristics, the learner’s MOOC resource learning preference is predicted, and a recommendation list is formed. On the other hand, the semantic association algorithm is used to calculate the correlation between the MOOC resources to be recommended and the learners’ rated resources and predict the learner’s learning preferences to form a recommendation list. Finally, the two recommendation lists were comprehensively analyzed to form the final MOOC resource personalized recommendation list. Findings The semantic association algorithm based on hierarchical correlation analysis and attribute correlation analysis introduced in this study can effectively analyze the semantic similarity between MOOC resources. The hybrid recommendation method that introduces ontology construction technology and performs semantic association analysis can effectively realize the personalized recommendation of MOOC resources. Originality/value This study has formed an effective method for personalized recommendation of MOOC resources, solved the problems existing in the personalized recommendation that is, the recommendation relies on the learner’s rating of the resource, the recommendation is specialized, and the knowledge structure of the recommended resource is static, and provides a new idea for connecting MOOC learners and resources.",10.1108/itse-10-2021-0190,https://openalex.org/W4313051060,False,"publication_type:article, Computer science, Ontology, Resource (disambiguation), Recommender system, Information retrieval",0.1658,exact_ontology
resource.ttl,"""Resource ontology"" ontology",openalex,https://openalex.org/W2887552994,A metadata based manufacturing resource ontology modeling in cloud manufacturing systems,"Xiaobin Li, Peijie Zhuang, Chao Yin",2018,Journal of Ambient Intelligence and Humanized Computing,42,,10.1007/s12652-018-0964-3,https://openalex.org/W2887552994,False,"publication_type:article, Cloud manufacturing, Metadata, Computer science, Ontology, Cloud computing",0.16,exact_ontology
resource.ttl,"""Resource ontology"" ontology",openalex,https://openalex.org/W2505936806,"Contending Geo-Logics: Energy Security, Resource Ontologies, and the Politics of Expert Knowledge in Estonia",Kärg Kama,2016,Geopolitics,38,"Engaging with nascent scholarly efforts to foreground the ‘geo’ of geopolitics, this article examines how certain low-quality geological substances are constituted as strategic, ‘unconventional’ fossil fuel resources, the exploitation of which is deemed indispensable for energy security reasons. Based on a detailed study of oil shale exploitation in Estonia, the paper specifically analyses the politics of knowledge that enable such carbon-intensive and energy-inefficient industries to perpetuate at the national level and, moreover, subvert the neoliberal imperatives of energy sector deregulation and decarbonisation arising from EU policies. This analysis leads to two key arguments. At one level, the Estonian case evidences and contextualises the growing recognition that ‘energy security’ represents a multifaceted and dynamic construct as it highlights, in particular, the contingency of expert knowledge in its conceptualisation and performance. What counts as energy security is in this case articulated via shifting and contested modes of knowledge-making, whereby state- and market-led modes of energy governance are continuously renegotiated. At another level, however, the politics of knowledge is explained here as exercised through contending ontologies of the fossil fuel resource that pivots security claims, or ‘geo-logics’, which has multiplying effects on resource materiality.",10.1080/14650045.2016.1210129,https://openalex.org/W2505936806,True,"publication_type:article, Energy security, Materiality (auditing), Politics, Geopolitics, Resource (disambiguation)",0.1073,exact_ontology
safety.ttl,"""Safety Ontology"" ontology",openalex,https://openalex.org/W2097233727,Ontology-Based Semantic Modeling of Safety Management Knowledge,"Sijie Zhang, Frank Boukamp, Jochen Teizer",2014,Computing in Civil and Building Engineering (2014),23,"Construction safety-related knowledge and project-specific information are scattered and fragmented. Despite technological advancements of information and knowledge management in the building and construction industry, a link between safety management and information models is still missing. The objective of this study is to investigate a new approach to organize, store and re-use construction safety knowledge. A construction safety ontology is proposed to formalize the safety management knowledge, which consists of three main domain ontology models, including: Construction Product Model, Construction Process Model and Construction Safety Model. The interaction between safety ontology and Building Information Modeling (BIM) is also explored. A prototype application of ontology-based job hazard analysis and visualization is implemented to further illustrate the applicability and effectiveness of the developed ontology. The developed construction safety ontology is expected to enable more effective inquiry of safety knowledge, which is the first step towards automated safety planning using BIM.",10.1061/9780784413616.280,https://openalex.org/W2097233727,True,"publication_type:article, Ontology, Computer science, Process ontology, Domain knowledge, Upper ontology",0.3076,exact_ontology
safety.ttl,"""Safety Ontology"" ontology",openalex,https://openalex.org/W4206720898,Construction safety ontology development and alignment with industry foundation classes (IFC),"Karim Farghaly, Ranjith K. Soman, William Collinge, Mojgan Hadi Mosleh, Patrick Manu, Clara Cheung",2022,Journal of Information Technology in Construction,41,"A pronounced gap often exists between expected and actual safety performance in the construction industry. The multifaceted causes of this performance gap are resulting from the misalignment between design assumptions and actual construction processes that take place on-site. In general, critical factors are rooted in the lack of interoperability around the building and work-environment information due to its heterogeneous nature. To overcome the interoperability challenge in safety management, this paper represents the development of an ontological model consisting of terms and relationships between these terms, creating a conceptual information model for construction safety management and linking that ontology to IfcOWL. The developed ontology, named Safety and Health Exchange (SHE), comprises eight concepts and their relationships required to identify and manage safety risks in the design and planning stages. The main concepts of the developed ontology are identified based on reviewing accident cases from 165 Reporting of Injuries, Diseases and Dangerous Occurrences Regulations (RIDDOR) and 31 Press Releases from the database of the Health and Safety Executive (HSE) in the United Kingdom. Consequently, a semantic mapping between the developed ontology and IfcOWL (the most popular ontology and schema for interoperability in the AEC sector) is proposed. Then several SPARQL queries were developed and implemented to evaluate the semantic consistency of the developed ontology and the cross-mapping. The proposed ontology and cross-mapping gained recognition for its innovation in utilising OpenBIM and won the BuildingSMART professional research award 2020. This work could facilitate developing a knowledge-based system in the BIM environment to assist designers in addressing health and safety issues during the design and planning phases in the construction sector.",10.36680/j.itcon.2022.005,https://openalex.org/W4206720898,True,"publication_type:article, Ontology, Interoperability, Upper ontology, Computer science, Ontology-based data integration",0.2769,exact_ontology
safety.ttl,"""Safety Ontology"" ontology",openalex,https://openalex.org/W4322767025,Hazard ontology and 4D benchmark model for facilitation of automated construction safety requirement analysis,"Karsten Winther Johansen, Carl Schultz, Jochen Teizer",2023,Computer-Aided Civil and Infrastructure Engineering,41,"Over the last two decades, numerous approaches have been developed for automating construction safety assessment, that is, prevention through design and planning (PtD/P), that overcome the limitations of a purely manual safety assessment process. Despite this, such automated approaches are yet to be widely adopted in practice. Barriers include a lack of standardization of construction safety concepts within regulatory frameworks and a lack of confidence in automated approaches on the part of practitioners. This work presents a freely available 4D BIM-based benchmark model (3D Building Information Model and 68 schedules) and construction safety ontology covering the two most frequent and severe construction site accidents: falls from height and struck-by falling object hazards. The benchmark model and ontology enable the construction safety community to test and compare the performance of alternative automated approaches. Moreover, they are utilized in our PtD/P tool SafeConAI, and empirical evaluation results show how the safety situation changes among different construction schedules of the same project.",10.1111/mice.12988,https://openalex.org/W4322767025,True,"publication_type:article, Ontology, Benchmark (surveying), Hazard, Facilitation, Computer science",0.2628,exact_ontology
safety.ttl,"""Safety Ontology"" ontology",openalex,https://openalex.org/W2056918233,Ontology-based semantic modeling of construction safety knowledge: Towards automated safety planning for job hazard analysis (JHA),"Sijie Zhang, Frank Boukamp, Jochen Teizer",2015,Automation in Construction,384,,10.1016/j.autcon.2015.02.005,https://openalex.org/W2056918233,True,"publication_type:article, Ontology, Computer science, Construction site safety, Hazard, Process ontology",0.17,exact_ontology
safety.ttl,"""Safety Ontology"" ontology",openalex,https://openalex.org/W4390043327,An ontology-based approach of automatic compliance checking for structural fire safety requirements,"Isabelle Fitkau, T. Hartmann",2023,Advanced Engineering Informatics,32,,10.1016/j.aei.2023.102314,https://openalex.org/W4390043327,False,"publication_type:article, Ontology, Domain (mathematical analysis), Computer science, Process (computing), Fire safety",0.1415,exact_ontology
safety.ttl,"""Safety Ontology"" ontology",openalex,https://openalex.org/W2566429339,Towards a Common Safety Ontology for Automobiles and Railway Vehicles,"Bernhard Hulin, Hermann Kaindl, Thomas Rathfux, Roman Popp, Edin Arnautović, Roland Beckert",2016,,8,"Automobiles and railway vehicles have their specific safety standards, respectively. Still, they are both land vehicles and thus share a large set of common hazards and accident types. This calls for a common safety ontology covering both domains. Apart from many commonalities, we found some important differences between safety standards of these domains, in particular between ISO 26262, EN 50126 and SIRF (the German Standard for railway vehicles). Based on their respective glossaries, we attempted to resolve certain differences. This led us to a common set of formalized concepts and their relations. We consider this as an important step towards a common ontology for automobiles and railway vehicles. Such an ontology should facilitate the reuse of hazard and risk analyses from one domain to the other, and it should have important application areas.",10.1109/edcc.2016.15,https://openalex.org/W2566429339,False,"publication_type:article, Ontology, Reuse, Hazard, Computer science, Domain (mathematical analysis)",0.1272,exact_ontology
safety.ttl,"""Safety Ontology"" Safety ontology",openalex,https://openalex.org/W2480962609,Ontology development for run-time safety management methodology in Smart Work Environments using ambient knowledge,"Mahsa Teimourikia, Mariagrazia Fugini",2016,Future Generation Computer Systems,33,,10.1016/j.future.2016.07.003,https://openalex.org/W2480962609,True,"publication_type:article, Computer science, Ontology, Risk analysis (engineering), Risk management, Knowledge management",0.0933,exact_ontology
safety.ttl,"""Safety Ontology"" Safety ontology",openalex,https://openalex.org/W2154302492,A device-centric approach to a safer internet of things,"Chao Chen, Sumi Helal",2011,,41,"The Internet of Things is a promising implementation approach to the vision of ubiquitous computing. However, ""things"" in the IoT are not always collaborative, cooperative or predictable. Things may interfere with each other or may be programmed erroneously. They may fail or cause other things to fail. This paper addresses issues of safety in the IoT with a special focus on a main source of concerns - devices. We analyze safety issues in IoT and propose a domain independent safety ontology to be used by all stake-holders of an IoT system to express their safety concerns in the form of knowledge. We also present a device description language intended for use by device manufacturers to describe device safety. Finally, we present a sensor domain ontology that assists in providing explicit hints to the IoT system about the relationships between sensors and actuators. Such hints help significantly in empowering the devices themselves to proactively participate in enhancing the overall system safety.",10.1145/2029932.2029934,https://openalex.org/W2154302492,False,"publication_type:article, Ontology, SAFER, Internet of Things, Computer science, Domain (mathematical analysis)",0.0863,exact_ontology
saref.ttl,"""https://saref.etsi.org/core""",openalex,https://openalex.org/W4312883639,Making heterogeneous smart home data interoperable with the SAREF ontology,"Roderick van der Weerdt, Victor de Boer, Laura Daniele, Barry Nouwt, Ronald Siebes",2021,International Journal of Metadata Semantics and Ontologies,7,"SAREF is an ontology created to enable interoperability between smart devices, but there is a lack in the literature of practical examples to implement SAREF in real applications. We validate the practical implementation of SAREF through two approaches. We first examine two methods to map the IoT data available in a smart home into linked data using SAREF: (1) by creating a template-based mapping to describe how SAREF can be used and (2) by using a mapping language to demonstrate it can be simple to map, while still using SAREF. The second approach demonstrates the communication capabilities of IoT devices when they share knowledge represented using SAREF and describes how SAREF enables interoperability between different devices. The two approaches demonstrate that all the information from various data sets of smart devices can successfully be transformed into the SAREF ontology and how SAREF can be applied in a concrete interoperability framework.",10.1504/ijmso.2021.125893,https://openalex.org/W4312883639,True,"publication_type:article, Interoperability, Ontology, Computer science, Ontology-based data integration, Internet of Things",0.351,exact_ontology
saref.ttl,"""https://saref.etsi.org/core""",openalex,https://openalex.org/W3092751640,SAREF4INMA: A SAREF extension for the industry and manufacturing domain,"Mike de Roode, Alba Fernández-Izquierdo, Laura Daniele, María Poveda‐Villalón, Raúl García‐Castro",2020,Semantic Web,19,"The IoT landscape is characterized by a fragmentation of standards, platforms and technologies, often scattered among different vertical domains. To prevent the market to continue to be fragmented and power-less, a protocol-independent semantic layer can serve as enabler of interoperability among the various smart devices from different manufacturers that co-exist in a specific industry domain, but also across different domains. To that end, the SAREF ontology was created in 2015 with the intention to interconnect data, enabling the communication between IoT devices that use different protocols and standards. A number of industrial sectors consequently expressed their interest to extend SAREF into their domains in order to fill the gaps of the semantics not yet covered by their communication protocols. Therefore, the SAREF4INMA ontology was recently created to extend SAREF for describing the Smart Industry &amp; Manufacturing domain. SAREF4INMA is based on several standards and IoT initiatives, as well as on real use cases, and includes classes, properties and instances specifically created to cover the industry and manufacturing domain. This work describes the approach followed to develop this ontology, specifies its requirements and also includes a practical example of how to use it.",10.3233/sw-200402,https://openalex.org/W3092751640,True,"publication_type:article, Interoperability, Ontology, Computer science, Enabling, Domain (mathematical analysis)",0.2274,exact_ontology
saref.ttl,"""SAREF: the Smart Applications REFerence ontology"" ontology",openalex,https://openalex.org/W4382310422,An ontology-based innovative energy modeling framework for scalable and adaptable building digital twins,"Jakob Bjørnskov, Muhyiddine Jradi",2023,Energy and Buildings,56,"Digitalization of buildings and the use of IoT sensing and metering devices are steadily increasing, offering new opportunities for more autonomous, efficient, and flexible buildings. As part of this transformation and inspired by the added value demonstrated in other domains, the concept of a building digital twin that can monitor, simulate, manage, and optimize building operation has received increased interest. To aid such digital twin implementations, accurate and adaptable simulation models are required, which can effectively integrate and utilize the available data. However, traditional building modeling and digital practices, such as Building Information Modeling and white-box modeling tools, are not easily compatible with these requirements. This work presents an innovative and flexible energy modeling framework based on the SAREF ontology. With a basis in the SAREF4BLDG extension for buildings and the defined classes, different models are presented for a selection of typical systems and devices such as spaces, space heaters, dampers, coils, etc. Using the generic semantics and relations of the SAREF4SYST extension, a method for linking and simulating component models is then presented. A proof-of-concept of the modeling framework is provided, showing its application and feasibility to provide a dynamic simulation of the different systems and devices included in a demonstration case. Finally, a future line of work is identified considering the implementation of the modeling framework in an actual building case study, including integration with actual sensing equipment to demonstrate different digital twin services such as performance monitoring, strategy planning, and operational optimization.",10.1016/j.enbuild.2023.113146,https://openalex.org/W4382310422,True,"publication_type:article, Scalability, Computer science, Systems engineering, Ontology, Implementation",0.1871,exact_ontology
saref4inma.ttl,"""https://saref.etsi.org/saref4inma""",openalex,https://openalex.org/W3092751640,SAREF4INMA: A SAREF extension for the industry and manufacturing domain,"Mike de Roode, Alba Fernández-Izquierdo, Laura Daniele, María Poveda‐Villalón, Raúl García‐Castro",2020,Semantic Web,19,"The IoT landscape is characterized by a fragmentation of standards, platforms and technologies, often scattered among different vertical domains. To prevent the market to continue to be fragmented and power-less, a protocol-independent semantic layer can serve as enabler of interoperability among the various smart devices from different manufacturers that co-exist in a specific industry domain, but also across different domains. To that end, the SAREF ontology was created in 2015 with the intention to interconnect data, enabling the communication between IoT devices that use different protocols and standards. A number of industrial sectors consequently expressed their interest to extend SAREF into their domains in order to fill the gaps of the semantics not yet covered by their communication protocols. Therefore, the SAREF4INMA ontology was recently created to extend SAREF for describing the Smart Industry &amp; Manufacturing domain. SAREF4INMA is based on several standards and IoT initiatives, as well as on real use cases, and includes classes, properties and instances specifically created to cover the industry and manufacturing domain. This work describes the approach followed to develop this ontology, specifies its requirements and also includes a practical example of how to use it.",10.3233/sw-200402,https://openalex.org/W3092751640,True,"publication_type:article, Interoperability, Ontology, Computer science, Enabling, Domain (mathematical analysis)",0.4626,exact_ontology
sbeo.ttl,"""SBEO: Smart Building Evacuation Ontology"" ontology",openalex,https://openalex.org/W4296879500,SBEO: Smart Building Evacuation Ontology,"Qasim Khalid, Alberto Fernández, Marin Lujak, Arnaud Doniec",2022,Computer Science and Information Systems,9,"Semantically rich depiction of the concepts for context-aware indoor routing brings appealing benefits for the safety of occupants of smart spaces in emergency evacuation. In this paper, we propose Smart Building Evacuation Ontology (SBEO3), a reusable ontology for indoor spaces, based on three different data models: user, building, and context. We provide a common representation of indoor routing and navigation, describe users? characteristics and preferences, grouping of individuals and their role in a specific context, hazards, and emergency evacuation. Among other characteristics, we consider abilities of individuals, safety and accessibility of spaces related to each person, intensity, impact, and severity of an emergency event or activity. SBEO is flexible and compatible with other ontologies of its domain, including SEAS, SSN/SOSA, SEMA4A, and empathi. We evaluate SBEO based on several metrics demonstrating that it addresses the information needs for the context-aware route recommendation system for emergency evacuation in indoor spaces. In the end, a simulation-based application example exploits SBEO using Context-Aware Emergency Evacuation Software (CAREE)4.",10.2298/csis220118046k,https://openalex.org/W4296879500,True,"publication_type:article, Ontology, Computer science, Context (archaeology), Domain (mathematical analysis), Exploit",0.6146,exact_ontology
sd.ttl,"""Sensor Data ontology"" ontology",openalex,https://openalex.org/W2167403742,Sense and Sens'ability: Semantic Data Modelling for Sensor Networks,"Payam Barnaghi, Stefan Meißner, Mirko Presser, Klaus Moessner",2009,,58,"Abstract: Sensor networks are used in various applications in several domains for measuring and determining physical phenomena and natural events. Sensors enable machines to capture and observe characteristics of physical objects and features of natural incidents. Sensor networks generate immense amount of data which requires advanced analytical processing and interpretation by machines. Most of the current efforts on sensor networks are focused on networking and service development for various applications, but less on processing the emerging data. Sensor data in a real world application will be an integration of various data obtained from different sensors such as temperature, pressure, and humidity. Processing and interpretation of huge amounts of heterogeneous sensor data and utilising a coherent structure for this data is an important aspect of a scalable and interoperable sensor network architecture. This paper describes a semantic model for heterogeneous sensor data representation. We use common standards and logical description frameworks proposed by the semantic Web community to create a sensor data description model. The work describes a sensor data ontology which is created according to the Sensor Web Enablement (SWE) and SensorML data component models. We describe how the semantic relationship and operational constraints are deployed in a uniform structure to describe the heterogeneous sensor data.",,https://openalex.org/W2167403742,False,"publication_type:article, Sensor web, Computer science, Wireless sensor network, Visual sensor network, Interoperability",0.2806,exact_ontology
sd.ttl,"""Sensor Data ontology"" ontology",openalex,https://openalex.org/W2145385056,Embedding Semantic Product Memories in the web of things,"Christian Seitz, Christoph Legat, Jörg Neidig",2010,,8,"Today, RFID is used to identify a wide range of work pieces or individual products for tracking their movements through the logistics chain. For future purposes the idea of storing only a single ID must be extended to a Product Memory. This memory stores data of the complete product life cycle. This paper introduces an architecture and an implementation for integrating data in product memories. Our contribution encompasses software modules for a uniform sensor access, a sensor data ontology and web interfaces for product memory applications.",10.1109/percomw.2010.5470525,https://openalex.org/W2145385056,False,"publication_type:article, Computer science, Embedding, Product (mathematics), Semantic Web, Ontology",0.2145,exact_ontology
seas.ttl,"""SEAS Ontology"" ontology",openalex,https://openalex.org/W2768658028,Planned ETSI SAREF Extensions based on the W3C&OGC SOSA/SSN-compatible SEAS Ontology Paaerns,Maxime Lefrançois,2017,,30,"Mid-June 2017, the ETSI SmartM2M working group voted two work items, DTS/SmartM2M-103548 and DTS/SmartM2M-103549, with the goal to enhance and augment the SAREF ontology with some of the design, development, and publication choices that have been made in the context of the ITEA2 SEAS (Smart Energy Aware Systems) project. This paper provides an overview of these choices and their rationale. In particular, we describe contributions regarding: (i) the design of the ontology as a set of simple core ontology patterns , that can then be instantiated for multiple engineering-related verticals; (ii) the design and publication of the SEAS modular and versioned ontology in conformance with the publication and meta-data best practices, with the additional constraint that every term is deened under a single namespace. These planned additions to SAREF will ease its adoption and extension by industrial stake-holder, while ensuring easy maintenance of its quality, coherence, and modularity. Finally, because the SEAS ontology generalizes the future W3C&OGC SOSA/SSN (Sensor, Observation, Sensing, Actuation / Semantic Sensor Network) ontology, these work items contribute to the convergence of the diierent reference ontologies relevant for the IoT domain.",,https://openalex.org/W2768658028,False,"publication_type:article, Ontology, Computer science, Context (archaeology), Information retrieval, Ontology engineering",0.258,exact_ontology
sosa.ttl,"""SOSA"" ontology",openalex,https://openalex.org/W3023730298,Weather data publication on the LOD using SOSA/SSN ontology,"Catherine Roussey, Stéphan Bernard, Géraldine Andre, D. Boffety",2020,Semantic Web,19,"This paper presents an RDF dataset of meteorological measurements. The measurements come from one weather station at the Irstea experimental farm located in Montoldre. The measurements have been made from August 2018 until now. They have been transformed and published as Linked Open Data (LOD). The data schema is based on the new version of the Semantic Sensor Network ontology. This ontology version integrates the Sensor, Observation, Sample, and Actuator pattern. We first present the network of ontologies used to organize the data. Then, the transformation process for publishing the dataset is detailed. To conclude we present some use cases of queries related to Irstea research projects.",10.3233/sw-200375,https://openalex.org/W3023730298,False,"publication_type:article, RDF, Ontology, Computer science, Linked data, Schema (genetic algorithms)",0.2773,exact_ontology
sosa.ttl,"""Sensor, Observation, Sample, and Actuator (SOSA) Ontology"" ontology",openalex,https://openalex.org/W2889161681,"The modular SSN ontology: A joint W3C and OGC standard specifying the semantics of sensors, observations, sampling, and actuation","Armin Haller, Krzysztof Janowicz, Simón Cox, Maxime Lefrançois, Kerry Taylor, Danh Le-Phuoc, Joshua Lieberman, Raúl García‐Castro, Rob Atkinson, Claus Stadler",2018,Semantic Web,253,"The joint W3C (World Wide Web Consortium) and OGC (Open Geospatial Consortium) Spatial Data on the Web (SDW) Working Group developed a set of ontologies to describe sensors, actuators, samplers as well as their observations, actuation, and sampling activities. The ontologies have been published bot h as a W3C recommendation and as an OGC implementation standard. The set includes a lightweight core module called SOSA (Sensor, Observation, Sampler, and Actuator) available at: http://www.w3.org/ns/sosa/, and a more expressive extension module called SSN (Semantic Sensor Network) available at: http://www.w3.org/ns/ssn/. Together they describe systems of sensors and actuators, observations, the used procedures, the subjects and their properties being observed or acted upon, samples and the process of sampling, and so forth. The set of ontologies adopts a modular architecture with SOSA as a self-contained core that is extended by SSN and other modules to add expressivity and breadth. The SOSA/SSN ontologies are able to support a wide range of applications and use cases, including satellite imagery, large-scale scientific monitoring, industrial and household infrastructures, social sensing, citizen science, observation-driven ontology engineering, and the Internet of Things. In this paper we give an overview of the ontologies and discuss the rationale behind key design decisions, reporting on the differences between the new SSN ontology presented here and its predecessor [Web Semantics: Science, Services and Agents on the World Wide Web 17 (2012), 25–32] developed by the W3C Semantic Sensor Network Incubator group (the SSN-XG). We present usage examples and describe alignment modules that foster interoperability with other ontologies.",10.3233/sw-180320,https://openalex.org/W2889161681,True,"publication_type:article, Computer science, Ontology, World Wide Web, Semantic Web, Sensor web",0.2477,exact_ontology
sosa.ttl,"""Sensor, Observation, Sample, and Actuator (SOSA) Ontology"" ontology",openalex,https://openalex.org/W3027760363,Connected Traffic Data Ontology (CTDO) for Intelligent Urban Traffic Systems Focused on Connected (Semi) Autonomous Vehicles,"Miloš Viktorović, Dujuan Yang, Bauke de Vries",2020,Sensors,22,"For autonomous vehicles (AV), the ability to share information about their surroundings is crucial. With Level 4 and 5 autonomy in sight, solving the challenge of organization and efficient storing of data, coming from these connected platforms, becomes paramount. Research done up to now has been mostly focused on communication and network layers of V2X (Vehicle-to-Everything) data sharing. However, there is a gap when it comes to the data layer. Limited attention has been paid to the ontology development in the automotive domain. More specifically, the way to integrate sensor data and geospatial data efficiently is missing. Therefore, we proposed to develop a new Connected Traffic Data Ontology (CTDO) on the foundations of Sensor, Observation, Sample, and Actuator (SOSA) ontology, to provide a more suitable ontology for large volumes of time-sensitive data coming from multi-sensory platforms, like connected vehicles, as the first step in closing the existing research gap. Additionally, as this research aims to further extend the CTDO in the future, a possible way to map to the CTDO with ontologies that represent road infrastructure has been presented. Finally, new CTDO ontology was benchmarked against SOSA, and better memory performance and query execution speeds have been confirmed.",10.3390/s20102961,https://openalex.org/W3027760363,True,"publication_type:article, Ontology, Computer science, Ontology-based data integration, Automotive industry, Geospatial analysis",0.2365,exact_ontology
sosa.ttl,"""Sensor, Observation, Sample, and Actuator (SOSA) Ontology"" IoT Sensors/Actuators ontology",openalex,https://openalex.org/W4415719731,A Semantic Digital Twin-Driven Framework for Multi-Source Data Integration in Forest Fire Prediction and Response,"Jicao Dao, Yijing Huang, Xiaoyu Ju, Lizhong Yang, Xinlin Yang, Xiang Liao, Zhenjia Wang, Dapeng Ding",2025,Forests,2,"Forest fires have become increasingly frequent and severe due to climate change and intensified human activities, posing critical challenges to ecological security and emergency management. Despite the availability of abundant environmental, spatial, and operational data, these resources remain fragmented and heterogeneous, limiting the efficiency and accuracy of fire prediction and response. To address this challenge, this study proposes a Semantic Digital Twin-Driven Framework for integrating multi-source data and supporting forest fire prediction and response. The framework constructs a multi-ontology network that combines the Semantic Sensor Network (SSN) and Sensor, Observation, Sample, and Actuator (SOSA) ontologies for sensor and observation data, the GeoSPARQL ontology for geospatial representation, and two domain-specific ontologies for fire prevention and emergency response. Through systematic data mapping, instantiation, and rule-based reasoning, heterogeneous information is transformed into an interconnected knowledge graph. The framework supports both semantic querying (SPARQL) and rule-based reasoning (SWRL) to enable early risk alerts, resource allocation suggestions, and knowledge-based decision support. A case study in Sichuan Province demonstrates the framework’s effectiveness in integrating historical and live data streams, achieving consistent reasoning outcomes aligned with expert assessments, and improving decision timeliness by enhancing data interoperability and inference efficiency. This research contributes a foundational step toward building intelligent, interoperable, and reasoning-enabled digital forest systems for sustainable fire management and ecological resilience.",10.3390/f16111661,https://openalex.org/W4415719731,True,"publication_type:article, Computer science, Interoperability, Geospatial analysis, Ontology, Data integration",0.2323,exact_ontology
sosa.ttl,"""Sensor, Observation, Sample, and Actuator (SOSA) Ontology"" ontology",openalex,https://openalex.org/W2803689195,"SOSA: A lightweight ontology for sensors, observations, samples, and actuators","Krzysztof Janowicz, Armin Haller, Simon J.D. Cox, Danh Le Phuoc, Maxime Lefrançois",2018,Journal of Web Semantics,433,,10.1016/j.websem.2018.06.003,https://openalex.org/W2803689195,True,"publication_type:article, Ontology, Computer science, Ontology-based data integration, Interoperability, Process ontology",0.1657,exact_ontology
ssn.ttl,"""Semantic Sensor Network Ontology"" ontology",openalex,https://openalex.org/W1966397415,Implementing the draft W3C semantic sensor network ontology,"Daniel O'Byrne, Rob Brennan, Declan O’Sullivan",2010,,8,"This paper examines the feasibility of using ontologies to model generic sensor networks, based on the capabilities of the current generation of ontology tools. The creation of such an ontology, the current tool's capacity to adequately maintain it, and its potential functionality, as part of a larger semantic system are addressed here. These topics were addressed by constructing a generic sensor ontology and attempting to implement it as part of a larger semantic system. The process and the conclusions drawn from it are described below.",10.1109/percomw.2010.5470668,https://openalex.org/W1966397415,True,"publication_type:article, Ontology, Computer science, Upper ontology, Process ontology, Process (computing)",0.3761,exact_ontology
ssn.ttl,"""Semantic Sensor Network Ontology"" ontology",openalex,https://openalex.org/W46000349,The Semantic Sensor Network Ontology: A Generic Language to Describe Sensor Assets,"Holger Neuhaus, Michael Compton",2009,,74,"We introduce a novel approach for describing sensors and their capabilities. Although existing standards for describing sensors and their capabilities as well as their measurements, produced by Open Geospatial Consortium’s Sensor Web Enablement activities (OGC SWE), achieve syntactic interoperability, they do not provide facilities for computer logic and reasoning. We argue that ontologies are an adequate methodology to model sensors and their capabilities. Ontologies enable reasoning, classification and other types of automation to extend the SWE standards of the OGC. A semantic sensor network would allow the network and its components to be organised, queried, and controlled through high-level specifications. The ontology proposed here is not an ontology that organises all the facets and concepts of sensing, but rather one that provides a language to describe sensors in terms of their capabilities and operations. This paper introduces an initial version.",,https://openalex.org/W46000349,False,"publication_type:article, Ontology, Interoperability, Computer science, Geospatial analysis, Sensor web",0.3582,exact_ontology
ssn.ttl,"""Semantic Sensor Network Ontology"" ontology",openalex,https://openalex.org/W2102802363,The SSN ontology of the W3C semantic sensor network incubator group,"Michael Compton, Payam Barnaghi, Luis Bermúdez, Raúl García‐Castro, Óscar Corcho, Simón Cox, John Graybeal, Manfred Hauswirth, Cory Henson, Arthur Herzog, Vincent Huang, Krzysztof Janowicz, W. David Kelsey, Danh Le-Phuoc, Laurent Lefort, Myriam Leggieri, Holger Neuhaus, Andriy Nikolov, Kevin Page, Alexandre Passant, Amit Sheth, Kerry Taylor",2012,Journal of Web Semantics,1390,"The W3C Semantic Sensor Network Incubator group (the SSN-XG) produced an OWL 2 ontology to describe sensors and observations — the SSN ontology, available at http://purl.oclc.org/NET/ssnx/ssn. The SSN ontology can describe sensors in terms of capabilities, measurement processes, observations and deployments. This article describes the SSN ontology. It further gives an example and describes the use of the ontology in recent research projects.",10.1016/j.websem.2012.05.003,https://openalex.org/W2102802363,True,"publication_type:article, Ontology, Computer science, Incubator, OWL-S, Upper ontology",0.3461,exact_ontology
ssn.ttl,"""Semantic Sensor Network Ontology"" ontology",openalex,https://openalex.org/W2407444278,The stimulus-sensor-observation ontology design pattern and its integration into the semantic sensor network ontology,"Krzysztof Janowicz, Michael Compton",2010,,126,Abstract. This paper presents an overview of ongoing work to develop a generic ontology design pattern for observation-based data on the Semantic Web. The core classes and relationships forming the pattern are discussed in detail and are aligned to the DOLCE foundational ontology to improve semantic interoperability and clarify the underlying ontological commitments. The pattern also forms the top-level of the the Semantic Sensor Network ontology developed by the W3C Semantic Sensor Network Incubator Group. The integration of both ontologies is discussed and directions of further work are pointed out. 1,,https://openalex.org/W2407444278,False,"publication_type:article, Computer science, Ontology, Ontology-based data integration, Upper ontology, Information retrieval",0.3424,exact_ontology
ssn.ttl,"""Semantic Sensor Network Ontology"" ontology",openalex,https://openalex.org/W4297042567,Semantic sensor network ontology based decision support system for forest fire management,"Ritesh Chandra, Sonali Agarwal, Navjot Singh",2022,Ecological Informatics,33,,10.1016/j.ecoinf.2022.101821,https://openalex.org/W4297042567,False,"publication_type:article, Computer science, Ontology, Semantic Web, SPARQL, Decision support system",0.2933,exact_ontology
ssn.ttl,"""Semantic Sensor Network Ontology"" ontology",openalex,https://openalex.org/W240438309,Extension of the Semantic Sensor Network Ontology for Wireless Sensor Networks: The Stimulus-WSNnode-Communication Pattern,"Rimel Bendadouche, Catherine Roussey, Gil de Sousa, Jean-Pierre Chanet, Kun Mean Hou",2012,HAL (Le Centre pour la Communication Scientifique Directe),30,"Wireless Sensor Networks (WSN) are designed to collect large amounts of heterogeneous data to monitor environmental phenomenon. Our aim is to adapt WSN nodes communication to their context, in order to optimize the lifetime of the network. Our description of context and WSN characteristics are based on ontologies. Based upon a critical analysis of existing ontologies which formalize the WSN domain, we determine that the Semantic Sensor Network (SSN) ontology is the most suitable to represent the WSN issues. However, as the communication data policy is not characterized either by SSN or by other ontologies, we propose to enrich the SSN ontology with a new pattern describing communication.\nIn this paper, we will ﬁrst integrate the different concepts related to WSN in the SSN ontology and then we will use the resulting ontology, called Wireless Semantic Sensor Network ontology, in an agri-environmental scenario to illustrate the interest of our approach.",,https://openalex.org/W240438309,True,"publication_type:preprint, Ontology, Computer science, Wireless sensor network, Computer network, Key distribution in wireless sensor networks",0.2879,exact_ontology
ssn.ttl,"""Semantic Sensor Network Ontology"" IoT Sensors/Actuators ontology",openalex,https://openalex.org/W2768658028,Planned ETSI SAREF Extensions based on the W3C&OGC SOSA/SSN-compatible SEAS Ontology Paaerns,Maxime Lefrançois,2017,,30,"Mid-June 2017, the ETSI SmartM2M working group voted two work items, DTS/SmartM2M-103548 and DTS/SmartM2M-103549, with the goal to enhance and augment the SAREF ontology with some of the design, development, and publication choices that have been made in the context of the ITEA2 SEAS (Smart Energy Aware Systems) project. This paper provides an overview of these choices and their rationale. In particular, we describe contributions regarding: (i) the design of the ontology as a set of simple core ontology patterns , that can then be instantiated for multiple engineering-related verticals; (ii) the design and publication of the SEAS modular and versioned ontology in conformance with the publication and meta-data best practices, with the additional constraint that every term is deened under a single namespace. These planned additions to SAREF will ease its adoption and extension by industrial stake-holder, while ensuring easy maintenance of its quality, coherence, and modularity. Finally, because the SEAS ontology generalizes the future W3C&OGC SOSA/SSN (Sensor, Observation, Sensing, Actuation / Semantic Sensor Network) ontology, these work items contribute to the convergence of the diierent reference ontologies relevant for the IoT domain.",,https://openalex.org/W2768658028,False,"publication_type:article, Ontology, Computer science, Context (archaeology), Information retrieval, Ontology engineering",0.2316,exact_ontology
ssn.ttl,"""http://www.w3.org/ns/ssn""",openalex,https://openalex.org/W2889161681,"The modular SSN ontology: A joint W3C and OGC standard specifying the semantics of sensors, observations, sampling, and actuation","Armin Haller, Krzysztof Janowicz, Simón Cox, Maxime Lefrançois, Kerry Taylor, Danh Le-Phuoc, Joshua Lieberman, Raúl García‐Castro, Rob Atkinson, Claus Stadler",2018,Semantic Web,253,"The joint W3C (World Wide Web Consortium) and OGC (Open Geospatial Consortium) Spatial Data on the Web (SDW) Working Group developed a set of ontologies to describe sensors, actuators, samplers as well as their observations, actuation, and sampling activities. The ontologies have been published bot h as a W3C recommendation and as an OGC implementation standard. The set includes a lightweight core module called SOSA (Sensor, Observation, Sampler, and Actuator) available at: http://www.w3.org/ns/sosa/, and a more expressive extension module called SSN (Semantic Sensor Network) available at: http://www.w3.org/ns/ssn/. Together they describe systems of sensors and actuators, observations, the used procedures, the subjects and their properties being observed or acted upon, samples and the process of sampling, and so forth. The set of ontologies adopts a modular architecture with SOSA as a self-contained core that is extended by SSN and other modules to add expressivity and breadth. The SOSA/SSN ontologies are able to support a wide range of applications and use cases, including satellite imagery, large-scale scientific monitoring, industrial and household infrastructures, social sensing, citizen science, observation-driven ontology engineering, and the Internet of Things. In this paper we give an overview of the ontologies and discuss the rationale behind key design decisions, reporting on the differences between the new SSN ontology presented here and its predecessor [Web Semantics: Science, Services and Agents on the World Wide Web 17 (2012), 25–32] developed by the W3C Semantic Sensor Network Incubator group (the SSN-XG). We present usage examples and describe alignment modules that foster interoperability with other ontologies.",10.3233/sw-180320,https://openalex.org/W2889161681,True,"publication_type:article, Computer science, Ontology, World Wide Web, Semantic Web, Sensor web",0.2276,exact_ontology
ssn.ttl,"""Semantic Sensor Network Ontology"" IoT Sensors/Actuators ontology",openalex,https://openalex.org/W2093351523,An Internet of Things ontology for earthquake emergency evaluation and response,"Luca Spalazzi, Gilberto Taccari, Andrea Bernardini",2014,,43,"Recent years have seen the fast-diffusion of internet-connected devices and the rise of the Internet of Things (IoT) research and application area. Research works are dealing with technologies that enable the so-called things to communicate among them and with users in order to provide data and/or accomplish tasks. This scenario is posing several challenges so that more and more researchers are dealing with them. Our work deals with the definition of both machine and human understandable descriptions of things by means of ontologies in order to enable the collaboration among physical objects and IT systems. Indeed, recent works highlighted how the IoT technology may be profitably used in several scenarios in order to accomplish complex tasks where physical objects are active participants. First, we extend the Semantic Sensor Network ontology defined by the W3C Semantic Sensor Networks Incubator Group with concepts and roles that describe actuators. This leads to the definition of a comprehensive Internet of Things ontology. Then, with the support from domain experts, we analyze the earthquake emergency scenario in order to define for it a domain ontology by means of adding domain-related concepts to the IoT ontology. Furthermore, we compare our work with others that use ontologies to formally describes things.",10.1109/cts.2014.6867619,https://openalex.org/W2093351523,False,"publication_type:article, Ontology, Computer science, Domain (mathematical analysis), Web of Things, World Wide Web",0.1991,exact_ontology
unocs.ttl,DOI:10.1016/j.autcon.2025.106293,doi_lookup,10.1016/j.autcon.2025.106293,From fragmented data to unified construction safety knowledge: A process-based ontology framework for safer work,"Kilian Speiser, Sebastian Seiß, Frank Boukamp, Jürgen Melzner, Jochen Teizer",2025,Automation in Construction,6,,10.1016/j.autcon.2025.106293,https://doi.org/10.1016/j.autcon.2025.106293,False,publication_type:journal-article,0.2244,exact_ontology
